-- MySQL dump 10.13  Distrib 5.7.13, for Linux (x86_64)
--
-- Host: localhost    Database: pokemon
-- ------------------------------------------------------
-- Server version	5.7.13-0ubuntu0.16.04.2

/*!40101 SET @OLD_CHARACTER_SET_CLIENT=@@CHARACTER_SET_CLIENT */;
/*!40101 SET @OLD_CHARACTER_SET_RESULTS=@@CHARACTER_SET_RESULTS */;
/*!40101 SET @OLD_COLLATION_CONNECTION=@@COLLATION_CONNECTION */;
/*!40101 SET NAMES utf8 */;
/*!40103 SET @OLD_TIME_ZONE=@@TIME_ZONE */;
/*!40103 SET TIME_ZONE='+00:00' */;
/*!40014 SET @OLD_UNIQUE_CHECKS=@@UNIQUE_CHECKS, UNIQUE_CHECKS=0 */;
/*!40014 SET @OLD_FOREIGN_KEY_CHECKS=@@FOREIGN_KEY_CHECKS, FOREIGN_KEY_CHECKS=0 */;
/*!40101 SET @OLD_SQL_MODE=@@SQL_MODE, SQL_MODE='NO_AUTO_VALUE_ON_ZERO' */;
/*!40111 SET @OLD_SQL_NOTES=@@SQL_NOTES, SQL_NOTES=0 */;

--
-- Table structure for table `migrations`
--

DROP TABLE IF EXISTS `migrations`;
/*!40101 SET @saved_cs_client     = @@character_set_client */;
/*!40101 SET character_set_client = utf8 */;
CREATE TABLE `migrations` (
  `migration` varchar(255) COLLATE utf8_unicode_ci NOT NULL,
  `batch` int(11) NOT NULL
) ENGINE=InnoDB DEFAULT CHARSET=utf8 COLLATE=utf8_unicode_ci;
/*!40101 SET character_set_client = @saved_cs_client */;

--
-- Dumping data for table `migrations`
--

LOCK TABLES `migrations` WRITE;
/*!40000 ALTER TABLE `migrations` DISABLE KEYS */;
INSERT INTO `migrations` VALUES ('2014_10_12_000000_create_users_table',1),('2014_10_12_100000_create_password_resets_table',1),('2016_07_31_042850_create_table_pokemon',1),('2016_07_31_042907_create_table_pokemon_types',1),('2016_07_31_042944_create_table_pokemon_abilities',1),('2016_07_31_043017_create_table_pokemon_stats',1),('2016_07_31_043046_create_table_pokemon_evolutions',1);
/*!40000 ALTER TABLE `migrations` ENABLE KEYS */;
UNLOCK TABLES;

--
-- Table structure for table `password_resets`
--

DROP TABLE IF EXISTS `password_resets`;
/*!40101 SET @saved_cs_client     = @@character_set_client */;
/*!40101 SET character_set_client = utf8 */;
CREATE TABLE `password_resets` (
  `email` varchar(255) COLLATE utf8_unicode_ci NOT NULL,
  `token` varchar(255) COLLATE utf8_unicode_ci NOT NULL,
  `created_at` timestamp NOT NULL DEFAULT '0000-00-00 00:00:00',
  KEY `password_resets_email_index` (`email`),
  KEY `password_resets_token_index` (`token`)
) ENGINE=InnoDB DEFAULT CHARSET=utf8 COLLATE=utf8_unicode_ci;
/*!40101 SET character_set_client = @saved_cs_client */;

--
-- Dumping data for table `password_resets`
--

LOCK TABLES `password_resets` WRITE;
/*!40000 ALTER TABLE `password_resets` DISABLE KEYS */;
/*!40000 ALTER TABLE `password_resets` ENABLE KEYS */;
UNLOCK TABLES;

--
-- Table structure for table `pokemonabilities`
--

DROP TABLE IF EXISTS `pokemonabilities`;
/*!40101 SET @saved_cs_client     = @@character_set_client */;
/*!40101 SET character_set_client = utf8 */;
CREATE TABLE `pokemonabilities` (
  `id` int(10) unsigned NOT NULL AUTO_INCREMENT,
  `ability` varchar(255) COLLATE utf8_unicode_ci NOT NULL,
  `pokemon_id` int(11) NOT NULL,
  `deleted_at` timestamp NULL DEFAULT NULL,
  `created_at` timestamp NOT NULL DEFAULT '0000-00-00 00:00:00',
  `updated_at` timestamp NOT NULL DEFAULT '0000-00-00 00:00:00',
  PRIMARY KEY (`id`)
) ENGINE=InnoDB AUTO_INCREMENT=392 DEFAULT CHARSET=utf8 COLLATE=utf8_unicode_ci;
/*!40101 SET character_set_client = @saved_cs_client */;

--
-- Dumping data for table `pokemonabilities`
--

LOCK TABLES `pokemonabilities` WRITE;
/*!40000 ALTER TABLE `pokemonabilities` DISABLE KEYS */;
INSERT INTO `pokemonabilities` VALUES (1,'Overgrow',1,NULL,'0000-00-00 00:00:00','0000-00-00 00:00:00'),(2,'Chlorophyll',1,NULL,'0000-00-00 00:00:00','0000-00-00 00:00:00'),(3,'Overgrow',2,NULL,'0000-00-00 00:00:00','0000-00-00 00:00:00'),(4,'Chlorophyll',2,NULL,'0000-00-00 00:00:00','0000-00-00 00:00:00'),(5,'Overgrow',3,NULL,'0000-00-00 00:00:00','0000-00-00 00:00:00'),(6,'Chlorophyll',3,NULL,'0000-00-00 00:00:00','0000-00-00 00:00:00'),(7,'Blaze',4,NULL,'0000-00-00 00:00:00','0000-00-00 00:00:00'),(8,'Solar Power',4,NULL,'0000-00-00 00:00:00','0000-00-00 00:00:00'),(9,'Blaze',5,NULL,'0000-00-00 00:00:00','0000-00-00 00:00:00'),(10,'Solar Power',5,NULL,'0000-00-00 00:00:00','0000-00-00 00:00:00'),(11,'Blaze',6,NULL,'0000-00-00 00:00:00','0000-00-00 00:00:00'),(12,'Solar Power',6,NULL,'0000-00-00 00:00:00','0000-00-00 00:00:00'),(13,'Torrent',7,NULL,'0000-00-00 00:00:00','0000-00-00 00:00:00'),(14,'Rain Dish',7,NULL,'0000-00-00 00:00:00','0000-00-00 00:00:00'),(15,'Torrent',8,NULL,'0000-00-00 00:00:00','0000-00-00 00:00:00'),(16,'Rain Dish',8,NULL,'0000-00-00 00:00:00','0000-00-00 00:00:00'),(17,'Torrent',9,NULL,'0000-00-00 00:00:00','0000-00-00 00:00:00'),(18,'Rain Dish',9,NULL,'0000-00-00 00:00:00','0000-00-00 00:00:00'),(19,'Shield Dust',10,NULL,'0000-00-00 00:00:00','0000-00-00 00:00:00'),(20,'Run Away',10,NULL,'0000-00-00 00:00:00','0000-00-00 00:00:00'),(21,'Shed Skin',11,NULL,'0000-00-00 00:00:00','0000-00-00 00:00:00'),(22,'Compound Eyes',12,NULL,'0000-00-00 00:00:00','0000-00-00 00:00:00'),(23,'Tinted Lens',12,NULL,'0000-00-00 00:00:00','0000-00-00 00:00:00'),(24,'Shield Dust',13,NULL,'0000-00-00 00:00:00','0000-00-00 00:00:00'),(25,'Run Away',13,NULL,'0000-00-00 00:00:00','0000-00-00 00:00:00'),(26,'Shed Skin',14,NULL,'0000-00-00 00:00:00','0000-00-00 00:00:00'),(27,'Swarm',15,NULL,'0000-00-00 00:00:00','0000-00-00 00:00:00'),(28,'Sniper',15,NULL,'0000-00-00 00:00:00','0000-00-00 00:00:00'),(29,'Keen Eye',16,NULL,'0000-00-00 00:00:00','0000-00-00 00:00:00'),(30,'Tangled Feet',16,NULL,'0000-00-00 00:00:00','0000-00-00 00:00:00'),(31,'Big Pecks',16,NULL,'0000-00-00 00:00:00','0000-00-00 00:00:00'),(32,'Keen Eye',17,NULL,'0000-00-00 00:00:00','0000-00-00 00:00:00'),(33,'Tangled Feet',17,NULL,'0000-00-00 00:00:00','0000-00-00 00:00:00'),(34,'Big Pecks',17,NULL,'0000-00-00 00:00:00','0000-00-00 00:00:00'),(35,'Keen Eye',18,NULL,'0000-00-00 00:00:00','0000-00-00 00:00:00'),(36,'Tangled Feet',18,NULL,'0000-00-00 00:00:00','0000-00-00 00:00:00'),(37,'Big Pecks',18,NULL,'0000-00-00 00:00:00','0000-00-00 00:00:00'),(38,'Guts',19,NULL,'0000-00-00 00:00:00','0000-00-00 00:00:00'),(39,'Run Away',19,NULL,'0000-00-00 00:00:00','0000-00-00 00:00:00'),(40,'Hustle',19,NULL,'0000-00-00 00:00:00','0000-00-00 00:00:00'),(41,'Guts',20,NULL,'0000-00-00 00:00:00','0000-00-00 00:00:00'),(42,'Run Away',20,NULL,'0000-00-00 00:00:00','0000-00-00 00:00:00'),(43,'Hustle',20,NULL,'0000-00-00 00:00:00','0000-00-00 00:00:00'),(44,'Keen Eye',21,NULL,'0000-00-00 00:00:00','0000-00-00 00:00:00'),(45,'Sniper',21,NULL,'0000-00-00 00:00:00','0000-00-00 00:00:00'),(46,'Keen Eye',22,NULL,'0000-00-00 00:00:00','0000-00-00 00:00:00'),(47,'Sniper',22,NULL,'0000-00-00 00:00:00','0000-00-00 00:00:00'),(48,'Intimidate',23,NULL,'0000-00-00 00:00:00','0000-00-00 00:00:00'),(49,'Shed Skin',23,NULL,'0000-00-00 00:00:00','0000-00-00 00:00:00'),(50,'Unnerve',23,NULL,'0000-00-00 00:00:00','0000-00-00 00:00:00'),(51,'Intimidate',24,NULL,'0000-00-00 00:00:00','0000-00-00 00:00:00'),(52,'Shed Skin',24,NULL,'0000-00-00 00:00:00','0000-00-00 00:00:00'),(53,'Unnerve',24,NULL,'0000-00-00 00:00:00','0000-00-00 00:00:00'),(54,'Static',25,NULL,'0000-00-00 00:00:00','0000-00-00 00:00:00'),(55,'Lightning Rod',25,NULL,'0000-00-00 00:00:00','0000-00-00 00:00:00'),(56,'Static',26,NULL,'0000-00-00 00:00:00','0000-00-00 00:00:00'),(57,'Lightning Rod',26,NULL,'0000-00-00 00:00:00','0000-00-00 00:00:00'),(58,'Sand Veil',27,NULL,'0000-00-00 00:00:00','0000-00-00 00:00:00'),(59,'Sand Rush',27,NULL,'0000-00-00 00:00:00','0000-00-00 00:00:00'),(60,'Sand Veil',28,NULL,'0000-00-00 00:00:00','0000-00-00 00:00:00'),(61,'Sand Rush',28,NULL,'0000-00-00 00:00:00','0000-00-00 00:00:00'),(62,'Poison Point',29,NULL,'0000-00-00 00:00:00','0000-00-00 00:00:00'),(63,'Rivalry',29,NULL,'0000-00-00 00:00:00','0000-00-00 00:00:00'),(64,'Hustle',29,NULL,'0000-00-00 00:00:00','0000-00-00 00:00:00'),(65,'Poison Point',30,NULL,'0000-00-00 00:00:00','0000-00-00 00:00:00'),(66,'Rivalry',30,NULL,'0000-00-00 00:00:00','0000-00-00 00:00:00'),(67,'Hustle',30,NULL,'0000-00-00 00:00:00','0000-00-00 00:00:00'),(68,'Poison Point',31,NULL,'0000-00-00 00:00:00','0000-00-00 00:00:00'),(69,'Rivalry',31,NULL,'0000-00-00 00:00:00','0000-00-00 00:00:00'),(70,'Sheer Force',31,NULL,'0000-00-00 00:00:00','0000-00-00 00:00:00'),(71,'Poison Point',32,NULL,'0000-00-00 00:00:00','0000-00-00 00:00:00'),(72,'Rivalry',32,NULL,'0000-00-00 00:00:00','0000-00-00 00:00:00'),(73,'Hustle',32,NULL,'0000-00-00 00:00:00','0000-00-00 00:00:00'),(74,'Poison Point',33,NULL,'0000-00-00 00:00:00','0000-00-00 00:00:00'),(75,'Rivalry',33,NULL,'0000-00-00 00:00:00','0000-00-00 00:00:00'),(76,'Hustle',33,NULL,'0000-00-00 00:00:00','0000-00-00 00:00:00'),(77,'Poison Point',34,NULL,'0000-00-00 00:00:00','0000-00-00 00:00:00'),(78,'Rivalry',34,NULL,'0000-00-00 00:00:00','0000-00-00 00:00:00'),(79,'Sheer Force',34,NULL,'0000-00-00 00:00:00','0000-00-00 00:00:00'),(80,'Cute Charm',35,NULL,'0000-00-00 00:00:00','0000-00-00 00:00:00'),(81,'Magic Guard',35,NULL,'0000-00-00 00:00:00','0000-00-00 00:00:00'),(82,'Friend Guard',35,NULL,'0000-00-00 00:00:00','0000-00-00 00:00:00'),(83,'Cute Charm',36,NULL,'0000-00-00 00:00:00','0000-00-00 00:00:00'),(84,'Magic Guard',36,NULL,'0000-00-00 00:00:00','0000-00-00 00:00:00'),(85,'Unaware',36,NULL,'0000-00-00 00:00:00','0000-00-00 00:00:00'),(86,'Flash Fire',37,NULL,'0000-00-00 00:00:00','0000-00-00 00:00:00'),(87,'Drought',37,NULL,'0000-00-00 00:00:00','0000-00-00 00:00:00'),(88,'Flash Fire',38,NULL,'0000-00-00 00:00:00','0000-00-00 00:00:00'),(89,'Drought',38,NULL,'0000-00-00 00:00:00','0000-00-00 00:00:00'),(90,'Competitive',39,NULL,'0000-00-00 00:00:00','0000-00-00 00:00:00'),(91,'Cute Charm',39,NULL,'0000-00-00 00:00:00','0000-00-00 00:00:00'),(92,'Friend Guard',39,NULL,'0000-00-00 00:00:00','0000-00-00 00:00:00'),(93,'Competitive',40,NULL,'0000-00-00 00:00:00','0000-00-00 00:00:00'),(94,'Cute Charm',40,NULL,'0000-00-00 00:00:00','0000-00-00 00:00:00'),(95,'Frisk',40,NULL,'0000-00-00 00:00:00','0000-00-00 00:00:00'),(96,'Inner Focus',41,NULL,'0000-00-00 00:00:00','0000-00-00 00:00:00'),(97,'Infiltrator',41,NULL,'0000-00-00 00:00:00','0000-00-00 00:00:00'),(98,'Inner Focus',42,NULL,'0000-00-00 00:00:00','0000-00-00 00:00:00'),(99,'Infiltrator',42,NULL,'0000-00-00 00:00:00','0000-00-00 00:00:00'),(100,'Chlorophyll',43,NULL,'0000-00-00 00:00:00','0000-00-00 00:00:00'),(101,'Run Away',43,NULL,'0000-00-00 00:00:00','0000-00-00 00:00:00'),(102,'Chlorophyll',44,NULL,'0000-00-00 00:00:00','0000-00-00 00:00:00'),(103,'Stench',44,NULL,'0000-00-00 00:00:00','0000-00-00 00:00:00'),(104,'Chlorophyll',45,NULL,'0000-00-00 00:00:00','0000-00-00 00:00:00'),(105,'Effect Spore',45,NULL,'0000-00-00 00:00:00','0000-00-00 00:00:00'),(106,'Dry Skin',46,NULL,'0000-00-00 00:00:00','0000-00-00 00:00:00'),(107,'Effect Spore',46,NULL,'0000-00-00 00:00:00','0000-00-00 00:00:00'),(108,'Damp',46,NULL,'0000-00-00 00:00:00','0000-00-00 00:00:00'),(109,'Dry Skin',47,NULL,'0000-00-00 00:00:00','0000-00-00 00:00:00'),(110,'Effect Spore',47,NULL,'0000-00-00 00:00:00','0000-00-00 00:00:00'),(111,'Damp',47,NULL,'0000-00-00 00:00:00','0000-00-00 00:00:00'),(112,'Compound Eyes',48,NULL,'0000-00-00 00:00:00','0000-00-00 00:00:00'),(113,'Tinted Lens',48,NULL,'0000-00-00 00:00:00','0000-00-00 00:00:00'),(114,'Run Away',48,NULL,'0000-00-00 00:00:00','0000-00-00 00:00:00'),(115,'Shield Dust',49,NULL,'0000-00-00 00:00:00','0000-00-00 00:00:00'),(116,'Tinted Lens',49,NULL,'0000-00-00 00:00:00','0000-00-00 00:00:00'),(117,'Wonder Skin',49,NULL,'0000-00-00 00:00:00','0000-00-00 00:00:00'),(118,'Arena Trap',50,NULL,'0000-00-00 00:00:00','0000-00-00 00:00:00'),(119,'Sand Veil',50,NULL,'0000-00-00 00:00:00','0000-00-00 00:00:00'),(120,'Sand Force',50,NULL,'0000-00-00 00:00:00','0000-00-00 00:00:00'),(121,'Arena Trap',51,NULL,'0000-00-00 00:00:00','0000-00-00 00:00:00'),(122,'Sand Veil',51,NULL,'0000-00-00 00:00:00','0000-00-00 00:00:00'),(123,'Sand Force',51,NULL,'0000-00-00 00:00:00','0000-00-00 00:00:00'),(124,'Pickup',52,NULL,'0000-00-00 00:00:00','0000-00-00 00:00:00'),(125,'Technician',52,NULL,'0000-00-00 00:00:00','0000-00-00 00:00:00'),(126,'Unnerve',52,NULL,'0000-00-00 00:00:00','0000-00-00 00:00:00'),(127,'Limber',53,NULL,'0000-00-00 00:00:00','0000-00-00 00:00:00'),(128,'Technician',53,NULL,'0000-00-00 00:00:00','0000-00-00 00:00:00'),(129,'Unnerve',53,NULL,'0000-00-00 00:00:00','0000-00-00 00:00:00'),(130,'Cloud Nine',54,NULL,'0000-00-00 00:00:00','0000-00-00 00:00:00'),(131,'Damp',54,NULL,'0000-00-00 00:00:00','0000-00-00 00:00:00'),(132,'Swift Swim',54,NULL,'0000-00-00 00:00:00','0000-00-00 00:00:00'),(133,'Cloud Nine',55,NULL,'0000-00-00 00:00:00','0000-00-00 00:00:00'),(134,'Damp',55,NULL,'0000-00-00 00:00:00','0000-00-00 00:00:00'),(135,'Swift Swim',55,NULL,'0000-00-00 00:00:00','0000-00-00 00:00:00'),(136,'Anger Point',56,NULL,'0000-00-00 00:00:00','0000-00-00 00:00:00'),(137,'Vital Spirit',56,NULL,'0000-00-00 00:00:00','0000-00-00 00:00:00'),(138,'Defiant',56,NULL,'0000-00-00 00:00:00','0000-00-00 00:00:00'),(139,'Anger Point',57,NULL,'0000-00-00 00:00:00','0000-00-00 00:00:00'),(140,'Vital Spirit',57,NULL,'0000-00-00 00:00:00','0000-00-00 00:00:00'),(141,'Defiant',57,NULL,'0000-00-00 00:00:00','0000-00-00 00:00:00'),(142,'Flash Fire',58,NULL,'0000-00-00 00:00:00','0000-00-00 00:00:00'),(143,'Intimidate',58,NULL,'0000-00-00 00:00:00','0000-00-00 00:00:00'),(144,'Justified',58,NULL,'0000-00-00 00:00:00','0000-00-00 00:00:00'),(145,'Flash Fire',59,NULL,'0000-00-00 00:00:00','0000-00-00 00:00:00'),(146,'Intimidate',59,NULL,'0000-00-00 00:00:00','0000-00-00 00:00:00'),(147,'Justified',59,NULL,'0000-00-00 00:00:00','0000-00-00 00:00:00'),(148,'Damp',60,NULL,'0000-00-00 00:00:00','0000-00-00 00:00:00'),(149,'Water Absorb',60,NULL,'0000-00-00 00:00:00','0000-00-00 00:00:00'),(150,'Swift Swim',60,NULL,'0000-00-00 00:00:00','0000-00-00 00:00:00'),(151,'Damp',61,NULL,'0000-00-00 00:00:00','0000-00-00 00:00:00'),(152,'Water Absorb',61,NULL,'0000-00-00 00:00:00','0000-00-00 00:00:00'),(153,'Swift Swim',61,NULL,'0000-00-00 00:00:00','0000-00-00 00:00:00'),(154,'Damp',62,NULL,'0000-00-00 00:00:00','0000-00-00 00:00:00'),(155,'Water Absorb',62,NULL,'0000-00-00 00:00:00','0000-00-00 00:00:00'),(156,'Swift Swim',62,NULL,'0000-00-00 00:00:00','0000-00-00 00:00:00'),(157,'Inner Focus',63,NULL,'0000-00-00 00:00:00','0000-00-00 00:00:00'),(158,'Synchronize',63,NULL,'0000-00-00 00:00:00','0000-00-00 00:00:00'),(159,'Magic Guard',63,NULL,'0000-00-00 00:00:00','0000-00-00 00:00:00'),(160,'Inner Focus',64,NULL,'0000-00-00 00:00:00','0000-00-00 00:00:00'),(161,'Synchronize',64,NULL,'0000-00-00 00:00:00','0000-00-00 00:00:00'),(162,'Magic Guard',64,NULL,'0000-00-00 00:00:00','0000-00-00 00:00:00'),(163,'Inner Focus',65,NULL,'0000-00-00 00:00:00','0000-00-00 00:00:00'),(164,'Synchronize',65,NULL,'0000-00-00 00:00:00','0000-00-00 00:00:00'),(165,'Magic Guard',65,NULL,'0000-00-00 00:00:00','0000-00-00 00:00:00'),(166,'Guts',66,NULL,'0000-00-00 00:00:00','0000-00-00 00:00:00'),(167,'No Guard',66,NULL,'0000-00-00 00:00:00','0000-00-00 00:00:00'),(168,'Steadfast',66,NULL,'0000-00-00 00:00:00','0000-00-00 00:00:00'),(169,'Guts',67,NULL,'0000-00-00 00:00:00','0000-00-00 00:00:00'),(170,'No Guard',67,NULL,'0000-00-00 00:00:00','0000-00-00 00:00:00'),(171,'Steadfast',67,NULL,'0000-00-00 00:00:00','0000-00-00 00:00:00'),(172,'Guts',68,NULL,'0000-00-00 00:00:00','0000-00-00 00:00:00'),(173,'No Guard',68,NULL,'0000-00-00 00:00:00','0000-00-00 00:00:00'),(174,'Steadfast',68,NULL,'0000-00-00 00:00:00','0000-00-00 00:00:00'),(175,'Chlorophyll',69,NULL,'0000-00-00 00:00:00','0000-00-00 00:00:00'),(176,'Gluttony',69,NULL,'0000-00-00 00:00:00','0000-00-00 00:00:00'),(177,'Chlorophyll',70,NULL,'0000-00-00 00:00:00','0000-00-00 00:00:00'),(178,'Gluttony',70,NULL,'0000-00-00 00:00:00','0000-00-00 00:00:00'),(179,'Chlorophyll',71,NULL,'0000-00-00 00:00:00','0000-00-00 00:00:00'),(180,'Gluttony',71,NULL,'0000-00-00 00:00:00','0000-00-00 00:00:00'),(181,'Clear Body',72,NULL,'0000-00-00 00:00:00','0000-00-00 00:00:00'),(182,'Liquid Ooze',72,NULL,'0000-00-00 00:00:00','0000-00-00 00:00:00'),(183,'Rain Dish',72,NULL,'0000-00-00 00:00:00','0000-00-00 00:00:00'),(184,'Clear Body',73,NULL,'0000-00-00 00:00:00','0000-00-00 00:00:00'),(185,'Liquid Ooze',73,NULL,'0000-00-00 00:00:00','0000-00-00 00:00:00'),(186,'Rain Dish',73,NULL,'0000-00-00 00:00:00','0000-00-00 00:00:00'),(187,'Rock Head',74,NULL,'0000-00-00 00:00:00','0000-00-00 00:00:00'),(188,'Sturdy',74,NULL,'0000-00-00 00:00:00','0000-00-00 00:00:00'),(189,'Sand Veil',74,NULL,'0000-00-00 00:00:00','0000-00-00 00:00:00'),(190,'Rock Head',75,NULL,'0000-00-00 00:00:00','0000-00-00 00:00:00'),(191,'Sturdy',75,NULL,'0000-00-00 00:00:00','0000-00-00 00:00:00'),(192,'Sand Veil',75,NULL,'0000-00-00 00:00:00','0000-00-00 00:00:00'),(193,'Rock Head',76,NULL,'0000-00-00 00:00:00','0000-00-00 00:00:00'),(194,'Sturdy',76,NULL,'0000-00-00 00:00:00','0000-00-00 00:00:00'),(195,'Sand Veil',76,NULL,'0000-00-00 00:00:00','0000-00-00 00:00:00'),(196,'Flash Fire',77,NULL,'0000-00-00 00:00:00','0000-00-00 00:00:00'),(197,'Run Away',77,NULL,'0000-00-00 00:00:00','0000-00-00 00:00:00'),(198,'Flame Body',77,NULL,'0000-00-00 00:00:00','0000-00-00 00:00:00'),(199,'Flash Fire',78,NULL,'0000-00-00 00:00:00','0000-00-00 00:00:00'),(200,'Run Away',78,NULL,'0000-00-00 00:00:00','0000-00-00 00:00:00'),(201,'Flame Body',78,NULL,'0000-00-00 00:00:00','0000-00-00 00:00:00'),(202,'Oblivious',79,NULL,'0000-00-00 00:00:00','0000-00-00 00:00:00'),(203,'Own Tempo',79,NULL,'0000-00-00 00:00:00','0000-00-00 00:00:00'),(204,'Regenerator',79,NULL,'0000-00-00 00:00:00','0000-00-00 00:00:00'),(205,'Oblivious',80,NULL,'0000-00-00 00:00:00','0000-00-00 00:00:00'),(206,'Own Tempo',80,NULL,'0000-00-00 00:00:00','0000-00-00 00:00:00'),(207,'Regenerator',80,NULL,'0000-00-00 00:00:00','0000-00-00 00:00:00'),(208,'Magnet Pull',81,NULL,'0000-00-00 00:00:00','0000-00-00 00:00:00'),(209,'Sturdy',81,NULL,'0000-00-00 00:00:00','0000-00-00 00:00:00'),(210,'Analytic',81,NULL,'0000-00-00 00:00:00','0000-00-00 00:00:00'),(211,'Magnet Pull',82,NULL,'0000-00-00 00:00:00','0000-00-00 00:00:00'),(212,'Sturdy',82,NULL,'0000-00-00 00:00:00','0000-00-00 00:00:00'),(213,'Analytic',82,NULL,'0000-00-00 00:00:00','0000-00-00 00:00:00'),(214,'Inner Focus',83,NULL,'0000-00-00 00:00:00','0000-00-00 00:00:00'),(215,'Keen Eye',83,NULL,'0000-00-00 00:00:00','0000-00-00 00:00:00'),(216,'Defiant',83,NULL,'0000-00-00 00:00:00','0000-00-00 00:00:00'),(217,'Early Bird',84,NULL,'0000-00-00 00:00:00','0000-00-00 00:00:00'),(218,'Run Away',84,NULL,'0000-00-00 00:00:00','0000-00-00 00:00:00'),(219,'Tangled Feet',84,NULL,'0000-00-00 00:00:00','0000-00-00 00:00:00'),(220,'Early Bird',85,NULL,'0000-00-00 00:00:00','0000-00-00 00:00:00'),(221,'Run Away',85,NULL,'0000-00-00 00:00:00','0000-00-00 00:00:00'),(222,'Tangled Feet',85,NULL,'0000-00-00 00:00:00','0000-00-00 00:00:00'),(223,'Hydration',86,NULL,'0000-00-00 00:00:00','0000-00-00 00:00:00'),(224,'Thick Fat',86,NULL,'0000-00-00 00:00:00','0000-00-00 00:00:00'),(225,'Ice Body',86,NULL,'0000-00-00 00:00:00','0000-00-00 00:00:00'),(226,'Hydration',87,NULL,'0000-00-00 00:00:00','0000-00-00 00:00:00'),(227,'Thick Fat',87,NULL,'0000-00-00 00:00:00','0000-00-00 00:00:00'),(228,'Ice Body',87,NULL,'0000-00-00 00:00:00','0000-00-00 00:00:00'),(229,'Stench',88,NULL,'0000-00-00 00:00:00','0000-00-00 00:00:00'),(230,'Sticky Hold',88,NULL,'0000-00-00 00:00:00','0000-00-00 00:00:00'),(231,'Poison Touch',88,NULL,'0000-00-00 00:00:00','0000-00-00 00:00:00'),(232,'Stench',89,NULL,'0000-00-00 00:00:00','0000-00-00 00:00:00'),(233,'Sticky Hold',89,NULL,'0000-00-00 00:00:00','0000-00-00 00:00:00'),(234,'Poison Touch',89,NULL,'0000-00-00 00:00:00','0000-00-00 00:00:00'),(235,'Shell Armor',90,NULL,'0000-00-00 00:00:00','0000-00-00 00:00:00'),(236,'Skill Link',90,NULL,'0000-00-00 00:00:00','0000-00-00 00:00:00'),(237,'Overcoat',90,NULL,'0000-00-00 00:00:00','0000-00-00 00:00:00'),(238,'Shell Armor',91,NULL,'0000-00-00 00:00:00','0000-00-00 00:00:00'),(239,'Skill Link',91,NULL,'0000-00-00 00:00:00','0000-00-00 00:00:00'),(240,'Overcoat',91,NULL,'0000-00-00 00:00:00','0000-00-00 00:00:00'),(241,'Levitate',92,NULL,'0000-00-00 00:00:00','0000-00-00 00:00:00'),(242,'Levitate',93,NULL,'0000-00-00 00:00:00','0000-00-00 00:00:00'),(243,'Levitate',94,NULL,'0000-00-00 00:00:00','0000-00-00 00:00:00'),(244,'Rock Head',95,NULL,'0000-00-00 00:00:00','0000-00-00 00:00:00'),(245,'Sturdy',95,NULL,'0000-00-00 00:00:00','0000-00-00 00:00:00'),(246,'Weak Armor',95,NULL,'0000-00-00 00:00:00','0000-00-00 00:00:00'),(247,'Forewarn',96,NULL,'0000-00-00 00:00:00','0000-00-00 00:00:00'),(248,'Insomnia',96,NULL,'0000-00-00 00:00:00','0000-00-00 00:00:00'),(249,'Inner Focus',96,NULL,'0000-00-00 00:00:00','0000-00-00 00:00:00'),(250,'Forewarn',97,NULL,'0000-00-00 00:00:00','0000-00-00 00:00:00'),(251,'Insomnia',97,NULL,'0000-00-00 00:00:00','0000-00-00 00:00:00'),(252,'Inner Focus',97,NULL,'0000-00-00 00:00:00','0000-00-00 00:00:00'),(253,'Hyper Cutter',98,NULL,'0000-00-00 00:00:00','0000-00-00 00:00:00'),(254,'Shell Armor',98,NULL,'0000-00-00 00:00:00','0000-00-00 00:00:00'),(255,'Sheer Force',98,NULL,'0000-00-00 00:00:00','0000-00-00 00:00:00'),(256,'Hyper Cutter',99,NULL,'0000-00-00 00:00:00','0000-00-00 00:00:00'),(257,'Shell Armor',99,NULL,'0000-00-00 00:00:00','0000-00-00 00:00:00'),(258,'Sheer Force',99,NULL,'0000-00-00 00:00:00','0000-00-00 00:00:00'),(259,'Soundproof',100,NULL,'0000-00-00 00:00:00','0000-00-00 00:00:00'),(260,'Static',100,NULL,'0000-00-00 00:00:00','0000-00-00 00:00:00'),(261,'Aftermath',100,NULL,'0000-00-00 00:00:00','0000-00-00 00:00:00'),(262,'Soundproof',101,NULL,'0000-00-00 00:00:00','0000-00-00 00:00:00'),(263,'Static',101,NULL,'0000-00-00 00:00:00','0000-00-00 00:00:00'),(264,'Aftermath',101,NULL,'0000-00-00 00:00:00','0000-00-00 00:00:00'),(265,'Chlorophyll',102,NULL,'0000-00-00 00:00:00','0000-00-00 00:00:00'),(266,'Harvest',102,NULL,'0000-00-00 00:00:00','0000-00-00 00:00:00'),(267,'Chlorophyll',103,NULL,'0000-00-00 00:00:00','0000-00-00 00:00:00'),(268,'Harvest',103,NULL,'0000-00-00 00:00:00','0000-00-00 00:00:00'),(269,'Lightning Rod',104,NULL,'0000-00-00 00:00:00','0000-00-00 00:00:00'),(270,'Rock Head',104,NULL,'0000-00-00 00:00:00','0000-00-00 00:00:00'),(271,'Battle Armor',104,NULL,'0000-00-00 00:00:00','0000-00-00 00:00:00'),(272,'Lightning Rod',105,NULL,'0000-00-00 00:00:00','0000-00-00 00:00:00'),(273,'Rock Head',105,NULL,'0000-00-00 00:00:00','0000-00-00 00:00:00'),(274,'Battle Armor',105,NULL,'0000-00-00 00:00:00','0000-00-00 00:00:00'),(275,'Limber',106,NULL,'0000-00-00 00:00:00','0000-00-00 00:00:00'),(276,'Reckless',106,NULL,'0000-00-00 00:00:00','0000-00-00 00:00:00'),(277,'Unburden',106,NULL,'0000-00-00 00:00:00','0000-00-00 00:00:00'),(278,'Iron Fist',107,NULL,'0000-00-00 00:00:00','0000-00-00 00:00:00'),(279,'Keen Eye',107,NULL,'0000-00-00 00:00:00','0000-00-00 00:00:00'),(280,'Inner Focus',107,NULL,'0000-00-00 00:00:00','0000-00-00 00:00:00'),(281,'Oblivious',108,NULL,'0000-00-00 00:00:00','0000-00-00 00:00:00'),(282,'Own Tempo',108,NULL,'0000-00-00 00:00:00','0000-00-00 00:00:00'),(283,'Cloud Nine',108,NULL,'0000-00-00 00:00:00','0000-00-00 00:00:00'),(284,'Levitate',109,NULL,'0000-00-00 00:00:00','0000-00-00 00:00:00'),(285,'Levitate',110,NULL,'0000-00-00 00:00:00','0000-00-00 00:00:00'),(286,'Lightning Rod',111,NULL,'0000-00-00 00:00:00','0000-00-00 00:00:00'),(287,'Rock Head',111,NULL,'0000-00-00 00:00:00','0000-00-00 00:00:00'),(288,'Reckless',111,NULL,'0000-00-00 00:00:00','0000-00-00 00:00:00'),(289,'Lightning Rod',112,NULL,'0000-00-00 00:00:00','0000-00-00 00:00:00'),(290,'Rock Head',112,NULL,'0000-00-00 00:00:00','0000-00-00 00:00:00'),(291,'Reckless',112,NULL,'0000-00-00 00:00:00','0000-00-00 00:00:00'),(292,'Natural Cure',113,NULL,'0000-00-00 00:00:00','0000-00-00 00:00:00'),(293,'Serene Grace',113,NULL,'0000-00-00 00:00:00','0000-00-00 00:00:00'),(294,'Healer',113,NULL,'0000-00-00 00:00:00','0000-00-00 00:00:00'),(295,'Chlorophyll',114,NULL,'0000-00-00 00:00:00','0000-00-00 00:00:00'),(296,'Leaf Guard',114,NULL,'0000-00-00 00:00:00','0000-00-00 00:00:00'),(297,'Regenerator',114,NULL,'0000-00-00 00:00:00','0000-00-00 00:00:00'),(298,'Early Bird',115,NULL,'0000-00-00 00:00:00','0000-00-00 00:00:00'),(299,'Scrappy',115,NULL,'0000-00-00 00:00:00','0000-00-00 00:00:00'),(300,'Inner Focus',115,NULL,'0000-00-00 00:00:00','0000-00-00 00:00:00'),(301,'Sniper',116,NULL,'0000-00-00 00:00:00','0000-00-00 00:00:00'),(302,'Swift Swim',116,NULL,'0000-00-00 00:00:00','0000-00-00 00:00:00'),(303,'Damp',116,NULL,'0000-00-00 00:00:00','0000-00-00 00:00:00'),(304,'Poison Point',117,NULL,'0000-00-00 00:00:00','0000-00-00 00:00:00'),(305,'Sniper',117,NULL,'0000-00-00 00:00:00','0000-00-00 00:00:00'),(306,'Damp',117,NULL,'0000-00-00 00:00:00','0000-00-00 00:00:00'),(307,'Swift Swim',118,NULL,'0000-00-00 00:00:00','0000-00-00 00:00:00'),(308,'Water Veil',118,NULL,'0000-00-00 00:00:00','0000-00-00 00:00:00'),(309,'Lightning Rod',118,NULL,'0000-00-00 00:00:00','0000-00-00 00:00:00'),(310,'Swift Swim',119,NULL,'0000-00-00 00:00:00','0000-00-00 00:00:00'),(311,'Water Veil',119,NULL,'0000-00-00 00:00:00','0000-00-00 00:00:00'),(312,'Lightning Rod',119,NULL,'0000-00-00 00:00:00','0000-00-00 00:00:00'),(313,'Illuminate',120,NULL,'0000-00-00 00:00:00','0000-00-00 00:00:00'),(314,'Natural Cure',120,NULL,'0000-00-00 00:00:00','0000-00-00 00:00:00'),(315,'Analytic',120,NULL,'0000-00-00 00:00:00','0000-00-00 00:00:00'),(316,'Illuminate',121,NULL,'0000-00-00 00:00:00','0000-00-00 00:00:00'),(317,'Natural Cure',121,NULL,'0000-00-00 00:00:00','0000-00-00 00:00:00'),(318,'Analytic',121,NULL,'0000-00-00 00:00:00','0000-00-00 00:00:00'),(319,'Filter',122,NULL,'0000-00-00 00:00:00','0000-00-00 00:00:00'),(320,'Soundproof',122,NULL,'0000-00-00 00:00:00','0000-00-00 00:00:00'),(321,'Technician',122,NULL,'0000-00-00 00:00:00','0000-00-00 00:00:00'),(322,'Swarm',123,NULL,'0000-00-00 00:00:00','0000-00-00 00:00:00'),(323,'Technician',123,NULL,'0000-00-00 00:00:00','0000-00-00 00:00:00'),(324,'Steadfast',123,NULL,'0000-00-00 00:00:00','0000-00-00 00:00:00'),(325,'Forewarn',124,NULL,'0000-00-00 00:00:00','0000-00-00 00:00:00'),(326,'Oblivious',124,NULL,'0000-00-00 00:00:00','0000-00-00 00:00:00'),(327,'Dry Skin',124,NULL,'0000-00-00 00:00:00','0000-00-00 00:00:00'),(328,'Static',125,NULL,'0000-00-00 00:00:00','0000-00-00 00:00:00'),(329,'Vital Spirit',125,NULL,'0000-00-00 00:00:00','0000-00-00 00:00:00'),(330,'Flame Body',126,NULL,'0000-00-00 00:00:00','0000-00-00 00:00:00'),(331,'Vital Spirit',126,NULL,'0000-00-00 00:00:00','0000-00-00 00:00:00'),(332,'Hyper Cutter',127,NULL,'0000-00-00 00:00:00','0000-00-00 00:00:00'),(333,'Mold Breaker',127,NULL,'0000-00-00 00:00:00','0000-00-00 00:00:00'),(334,'Moxie',127,NULL,'0000-00-00 00:00:00','0000-00-00 00:00:00'),(335,'Anger Point',128,NULL,'0000-00-00 00:00:00','0000-00-00 00:00:00'),(336,'Intimidate',128,NULL,'0000-00-00 00:00:00','0000-00-00 00:00:00'),(337,'Sheer Force',128,NULL,'0000-00-00 00:00:00','0000-00-00 00:00:00'),(338,'Swift Swim',129,NULL,'0000-00-00 00:00:00','0000-00-00 00:00:00'),(339,'Rattled',129,NULL,'0000-00-00 00:00:00','0000-00-00 00:00:00'),(340,'Intimidate',130,NULL,'0000-00-00 00:00:00','0000-00-00 00:00:00'),(341,'Moxie',130,NULL,'0000-00-00 00:00:00','0000-00-00 00:00:00'),(342,'Shell Armor',131,NULL,'0000-00-00 00:00:00','0000-00-00 00:00:00'),(343,'Water Absorb',131,NULL,'0000-00-00 00:00:00','0000-00-00 00:00:00'),(344,'Hydration',131,NULL,'0000-00-00 00:00:00','0000-00-00 00:00:00'),(345,'Limber',132,NULL,'0000-00-00 00:00:00','0000-00-00 00:00:00'),(346,'Imposter',132,NULL,'0000-00-00 00:00:00','0000-00-00 00:00:00'),(347,'Adaptability',133,NULL,'0000-00-00 00:00:00','0000-00-00 00:00:00'),(348,'Run Away',133,NULL,'0000-00-00 00:00:00','0000-00-00 00:00:00'),(349,'Anticipation',133,NULL,'0000-00-00 00:00:00','0000-00-00 00:00:00'),(350,'Water Absorb',134,NULL,'0000-00-00 00:00:00','0000-00-00 00:00:00'),(351,'Hydration',134,NULL,'0000-00-00 00:00:00','0000-00-00 00:00:00'),(352,'Volt Absorb',135,NULL,'0000-00-00 00:00:00','0000-00-00 00:00:00'),(353,'Quick Feet',135,NULL,'0000-00-00 00:00:00','0000-00-00 00:00:00'),(354,'Flash Fire',136,NULL,'0000-00-00 00:00:00','0000-00-00 00:00:00'),(355,'Guts',136,NULL,'0000-00-00 00:00:00','0000-00-00 00:00:00'),(356,'Download',137,NULL,'0000-00-00 00:00:00','0000-00-00 00:00:00'),(357,'Trace',137,NULL,'0000-00-00 00:00:00','0000-00-00 00:00:00'),(358,'Analytic',137,NULL,'0000-00-00 00:00:00','0000-00-00 00:00:00'),(359,'Shell Armor',138,NULL,'0000-00-00 00:00:00','0000-00-00 00:00:00'),(360,'Swift Swim',138,NULL,'0000-00-00 00:00:00','0000-00-00 00:00:00'),(361,'Weak Armor',138,NULL,'0000-00-00 00:00:00','0000-00-00 00:00:00'),(362,'Shell Armor',139,NULL,'0000-00-00 00:00:00','0000-00-00 00:00:00'),(363,'Swift Swim',139,NULL,'0000-00-00 00:00:00','0000-00-00 00:00:00'),(364,'Weak Armor',139,NULL,'0000-00-00 00:00:00','0000-00-00 00:00:00'),(365,'Battle Armor',140,NULL,'0000-00-00 00:00:00','0000-00-00 00:00:00'),(366,'Swift Swim',140,NULL,'0000-00-00 00:00:00','0000-00-00 00:00:00'),(367,'Weak Armor',140,NULL,'0000-00-00 00:00:00','0000-00-00 00:00:00'),(368,'Battle Armor',141,NULL,'0000-00-00 00:00:00','0000-00-00 00:00:00'),(369,'Swift Swim',141,NULL,'0000-00-00 00:00:00','0000-00-00 00:00:00'),(370,'Weak Armor',141,NULL,'0000-00-00 00:00:00','0000-00-00 00:00:00'),(371,'Pressure',142,NULL,'0000-00-00 00:00:00','0000-00-00 00:00:00'),(372,'Rock Head',142,NULL,'0000-00-00 00:00:00','0000-00-00 00:00:00'),(373,'Unnerve',142,NULL,'0000-00-00 00:00:00','0000-00-00 00:00:00'),(374,'Immunity',143,NULL,'0000-00-00 00:00:00','0000-00-00 00:00:00'),(375,'Thick Fat',143,NULL,'0000-00-00 00:00:00','0000-00-00 00:00:00'),(376,'Gluttony',143,NULL,'0000-00-00 00:00:00','0000-00-00 00:00:00'),(377,'Pressure',144,NULL,'0000-00-00 00:00:00','0000-00-00 00:00:00'),(378,'Snow Cloak',144,NULL,'0000-00-00 00:00:00','0000-00-00 00:00:00'),(379,'Pressure',145,NULL,'0000-00-00 00:00:00','0000-00-00 00:00:00'),(380,'Lightning Rod',145,NULL,'0000-00-00 00:00:00','0000-00-00 00:00:00'),(381,'Pressure',146,NULL,'0000-00-00 00:00:00','0000-00-00 00:00:00'),(382,'Flame Body',146,NULL,'0000-00-00 00:00:00','0000-00-00 00:00:00'),(383,'Shed Skin',147,NULL,'0000-00-00 00:00:00','0000-00-00 00:00:00'),(384,'Marvel Scale',147,NULL,'0000-00-00 00:00:00','0000-00-00 00:00:00'),(385,'Shed Skin',148,NULL,'0000-00-00 00:00:00','0000-00-00 00:00:00'),(386,'Marvel Scale',148,NULL,'0000-00-00 00:00:00','0000-00-00 00:00:00'),(387,'Inner Focus',149,NULL,'0000-00-00 00:00:00','0000-00-00 00:00:00'),(388,'Multiscale',149,NULL,'0000-00-00 00:00:00','0000-00-00 00:00:00'),(389,'Pressure',150,NULL,'0000-00-00 00:00:00','0000-00-00 00:00:00'),(390,'Unnerve',150,NULL,'0000-00-00 00:00:00','0000-00-00 00:00:00'),(391,'Synchronize',151,NULL,'0000-00-00 00:00:00','0000-00-00 00:00:00');
/*!40000 ALTER TABLE `pokemonabilities` ENABLE KEYS */;
UNLOCK TABLES;

--
-- Table structure for table `pokemonevolutions`
--

DROP TABLE IF EXISTS `pokemonevolutions`;
/*!40101 SET @saved_cs_client     = @@character_set_client */;
/*!40101 SET character_set_client = utf8 */;
CREATE TABLE `pokemonevolutions` (
  `id` int(10) unsigned NOT NULL AUTO_INCREMENT,
  `name` varchar(255) COLLATE utf8_unicode_ci NOT NULL,
  `pokemon_id` int(11) NOT NULL,
  `deleted_at` timestamp NULL DEFAULT NULL,
  `created_at` timestamp NOT NULL DEFAULT '0000-00-00 00:00:00',
  `updated_at` timestamp NOT NULL DEFAULT '0000-00-00 00:00:00',
  PRIMARY KEY (`id`)
) ENGINE=InnoDB AUTO_INCREMENT=328 DEFAULT CHARSET=utf8 COLLATE=utf8_unicode_ci;
/*!40101 SET character_set_client = @saved_cs_client */;

--
-- Dumping data for table `pokemonevolutions`
--

LOCK TABLES `pokemonevolutions` WRITE;
/*!40000 ALTER TABLE `pokemonevolutions` DISABLE KEYS */;
INSERT INTO `pokemonevolutions` VALUES (1,'Bulbasaur',1,NULL,'0000-00-00 00:00:00','0000-00-00 00:00:00'),(2,'Ivysaur',1,NULL,'0000-00-00 00:00:00','0000-00-00 00:00:00'),(3,'Venusaur',1,NULL,'0000-00-00 00:00:00','0000-00-00 00:00:00'),(4,'Bulbasaur',2,NULL,'0000-00-00 00:00:00','0000-00-00 00:00:00'),(5,'Ivysaur',2,NULL,'0000-00-00 00:00:00','0000-00-00 00:00:00'),(6,'Venusaur',2,NULL,'0000-00-00 00:00:00','0000-00-00 00:00:00'),(7,'Bulbasaur',3,NULL,'0000-00-00 00:00:00','0000-00-00 00:00:00'),(8,'Ivysaur',3,NULL,'0000-00-00 00:00:00','0000-00-00 00:00:00'),(9,'Venusaur',3,NULL,'0000-00-00 00:00:00','0000-00-00 00:00:00'),(10,'Charmander',4,NULL,'0000-00-00 00:00:00','0000-00-00 00:00:00'),(11,'Charmeleon',4,NULL,'0000-00-00 00:00:00','0000-00-00 00:00:00'),(12,'Charizard',4,NULL,'0000-00-00 00:00:00','0000-00-00 00:00:00'),(13,'Charmander',5,NULL,'0000-00-00 00:00:00','0000-00-00 00:00:00'),(14,'Charmeleon',5,NULL,'0000-00-00 00:00:00','0000-00-00 00:00:00'),(15,'Charizard',5,NULL,'0000-00-00 00:00:00','0000-00-00 00:00:00'),(16,'Charmander',6,NULL,'0000-00-00 00:00:00','0000-00-00 00:00:00'),(17,'Charmeleon',6,NULL,'0000-00-00 00:00:00','0000-00-00 00:00:00'),(18,'Charizard',6,NULL,'0000-00-00 00:00:00','0000-00-00 00:00:00'),(19,'Squirtle',7,NULL,'0000-00-00 00:00:00','0000-00-00 00:00:00'),(20,'Wartortle',7,NULL,'0000-00-00 00:00:00','0000-00-00 00:00:00'),(21,'Blastoise',7,NULL,'0000-00-00 00:00:00','0000-00-00 00:00:00'),(22,'Squirtle',8,NULL,'0000-00-00 00:00:00','0000-00-00 00:00:00'),(23,'Wartortle',8,NULL,'0000-00-00 00:00:00','0000-00-00 00:00:00'),(24,'Blastoise',8,NULL,'0000-00-00 00:00:00','0000-00-00 00:00:00'),(25,'Squirtle',9,NULL,'0000-00-00 00:00:00','0000-00-00 00:00:00'),(26,'Wartortle',9,NULL,'0000-00-00 00:00:00','0000-00-00 00:00:00'),(27,'Blastoise',9,NULL,'0000-00-00 00:00:00','0000-00-00 00:00:00'),(28,'Caterpie',10,NULL,'0000-00-00 00:00:00','0000-00-00 00:00:00'),(29,'Metapod',10,NULL,'0000-00-00 00:00:00','0000-00-00 00:00:00'),(30,'Butterfree',10,NULL,'0000-00-00 00:00:00','0000-00-00 00:00:00'),(31,'Caterpie',11,NULL,'0000-00-00 00:00:00','0000-00-00 00:00:00'),(32,'Metapod',11,NULL,'0000-00-00 00:00:00','0000-00-00 00:00:00'),(33,'Butterfree',11,NULL,'0000-00-00 00:00:00','0000-00-00 00:00:00'),(34,'Caterpie',12,NULL,'0000-00-00 00:00:00','0000-00-00 00:00:00'),(35,'Metapod',12,NULL,'0000-00-00 00:00:00','0000-00-00 00:00:00'),(36,'Butterfree',12,NULL,'0000-00-00 00:00:00','0000-00-00 00:00:00'),(37,'Weedle',13,NULL,'0000-00-00 00:00:00','0000-00-00 00:00:00'),(38,'Kakuna',13,NULL,'0000-00-00 00:00:00','0000-00-00 00:00:00'),(39,'Beedrill',13,NULL,'0000-00-00 00:00:00','0000-00-00 00:00:00'),(40,'Weedle',14,NULL,'0000-00-00 00:00:00','0000-00-00 00:00:00'),(41,'Kakuna',14,NULL,'0000-00-00 00:00:00','0000-00-00 00:00:00'),(42,'Beedrill',14,NULL,'0000-00-00 00:00:00','0000-00-00 00:00:00'),(43,'Weedle',15,NULL,'0000-00-00 00:00:00','0000-00-00 00:00:00'),(44,'Kakuna',15,NULL,'0000-00-00 00:00:00','0000-00-00 00:00:00'),(45,'Beedrill',15,NULL,'0000-00-00 00:00:00','0000-00-00 00:00:00'),(46,'Pidgey',16,NULL,'0000-00-00 00:00:00','0000-00-00 00:00:00'),(47,'Pidgeotto',16,NULL,'0000-00-00 00:00:00','0000-00-00 00:00:00'),(48,'Pidgeot',16,NULL,'0000-00-00 00:00:00','0000-00-00 00:00:00'),(49,'Pidgey',17,NULL,'0000-00-00 00:00:00','0000-00-00 00:00:00'),(50,'Pidgeotto',17,NULL,'0000-00-00 00:00:00','0000-00-00 00:00:00'),(51,'Pidgeot',17,NULL,'0000-00-00 00:00:00','0000-00-00 00:00:00'),(52,'Pidgey',18,NULL,'0000-00-00 00:00:00','0000-00-00 00:00:00'),(53,'Pidgeotto',18,NULL,'0000-00-00 00:00:00','0000-00-00 00:00:00'),(54,'Pidgeot',18,NULL,'0000-00-00 00:00:00','0000-00-00 00:00:00'),(55,'Rattata',19,NULL,'0000-00-00 00:00:00','0000-00-00 00:00:00'),(56,'Raticate',19,NULL,'0000-00-00 00:00:00','0000-00-00 00:00:00'),(57,'Rattata',20,NULL,'0000-00-00 00:00:00','0000-00-00 00:00:00'),(58,'Raticate',20,NULL,'0000-00-00 00:00:00','0000-00-00 00:00:00'),(59,'Spearow',21,NULL,'0000-00-00 00:00:00','0000-00-00 00:00:00'),(60,'Fearow',21,NULL,'0000-00-00 00:00:00','0000-00-00 00:00:00'),(61,'Spearow',22,NULL,'0000-00-00 00:00:00','0000-00-00 00:00:00'),(62,'Fearow',22,NULL,'0000-00-00 00:00:00','0000-00-00 00:00:00'),(63,'Ekans',23,NULL,'0000-00-00 00:00:00','0000-00-00 00:00:00'),(64,'Arbok',23,NULL,'0000-00-00 00:00:00','0000-00-00 00:00:00'),(65,'Ekans',24,NULL,'0000-00-00 00:00:00','0000-00-00 00:00:00'),(66,'Arbok',24,NULL,'0000-00-00 00:00:00','0000-00-00 00:00:00'),(67,'Pikachu',25,NULL,'0000-00-00 00:00:00','0000-00-00 00:00:00'),(68,'Raichu',25,NULL,'0000-00-00 00:00:00','0000-00-00 00:00:00'),(69,'Pikachu',26,NULL,'0000-00-00 00:00:00','0000-00-00 00:00:00'),(70,'Raichu',26,NULL,'0000-00-00 00:00:00','0000-00-00 00:00:00'),(71,'Sandshrew',27,NULL,'0000-00-00 00:00:00','0000-00-00 00:00:00'),(72,'Sandslash',27,NULL,'0000-00-00 00:00:00','0000-00-00 00:00:00'),(73,'Sandshrew',28,NULL,'0000-00-00 00:00:00','0000-00-00 00:00:00'),(74,'Sandslash',28,NULL,'0000-00-00 00:00:00','0000-00-00 00:00:00'),(75,'Nidoran♀',29,NULL,'0000-00-00 00:00:00','0000-00-00 00:00:00'),(76,'Nidorina',29,NULL,'0000-00-00 00:00:00','0000-00-00 00:00:00'),(77,'Nidoqueen',29,NULL,'0000-00-00 00:00:00','0000-00-00 00:00:00'),(78,'Nidoran♀',30,NULL,'0000-00-00 00:00:00','0000-00-00 00:00:00'),(79,'Nidorina',30,NULL,'0000-00-00 00:00:00','0000-00-00 00:00:00'),(80,'Nidoqueen',30,NULL,'0000-00-00 00:00:00','0000-00-00 00:00:00'),(81,'Nidoran♀',31,NULL,'0000-00-00 00:00:00','0000-00-00 00:00:00'),(82,'Nidorina',31,NULL,'0000-00-00 00:00:00','0000-00-00 00:00:00'),(83,'Nidoqueen',31,NULL,'0000-00-00 00:00:00','0000-00-00 00:00:00'),(84,'Nidoran♂',32,NULL,'0000-00-00 00:00:00','0000-00-00 00:00:00'),(85,'Nidorino',32,NULL,'0000-00-00 00:00:00','0000-00-00 00:00:00'),(86,'Nidoking',32,NULL,'0000-00-00 00:00:00','0000-00-00 00:00:00'),(87,'Nidoran♂',33,NULL,'0000-00-00 00:00:00','0000-00-00 00:00:00'),(88,'Nidorino',33,NULL,'0000-00-00 00:00:00','0000-00-00 00:00:00'),(89,'Nidoking',33,NULL,'0000-00-00 00:00:00','0000-00-00 00:00:00'),(90,'Nidoran♂',34,NULL,'0000-00-00 00:00:00','0000-00-00 00:00:00'),(91,'Nidorino',34,NULL,'0000-00-00 00:00:00','0000-00-00 00:00:00'),(92,'Nidoking',34,NULL,'0000-00-00 00:00:00','0000-00-00 00:00:00'),(93,'Cleffa',35,NULL,'0000-00-00 00:00:00','0000-00-00 00:00:00'),(94,'Clefairy',35,NULL,'0000-00-00 00:00:00','0000-00-00 00:00:00'),(95,'Clefable',35,NULL,'0000-00-00 00:00:00','0000-00-00 00:00:00'),(96,'Cleffa',36,NULL,'0000-00-00 00:00:00','0000-00-00 00:00:00'),(97,'Clefairy',36,NULL,'0000-00-00 00:00:00','0000-00-00 00:00:00'),(98,'Clefable',36,NULL,'0000-00-00 00:00:00','0000-00-00 00:00:00'),(99,'Vulpix',37,NULL,'0000-00-00 00:00:00','0000-00-00 00:00:00'),(100,'Ninetales',37,NULL,'0000-00-00 00:00:00','0000-00-00 00:00:00'),(101,'Vulpix',38,NULL,'0000-00-00 00:00:00','0000-00-00 00:00:00'),(102,'Ninetales',38,NULL,'0000-00-00 00:00:00','0000-00-00 00:00:00'),(103,'Jigglypuff',39,NULL,'0000-00-00 00:00:00','0000-00-00 00:00:00'),(104,'Wigglytuff',39,NULL,'0000-00-00 00:00:00','0000-00-00 00:00:00'),(105,'Jigglypuff',40,NULL,'0000-00-00 00:00:00','0000-00-00 00:00:00'),(106,'Wigglytuff',40,NULL,'0000-00-00 00:00:00','0000-00-00 00:00:00'),(107,'Zubat',41,NULL,'0000-00-00 00:00:00','0000-00-00 00:00:00'),(108,'Golbat',41,NULL,'0000-00-00 00:00:00','0000-00-00 00:00:00'),(109,'Crobat',41,NULL,'0000-00-00 00:00:00','0000-00-00 00:00:00'),(110,'Zubat',42,NULL,'0000-00-00 00:00:00','0000-00-00 00:00:00'),(111,'Golbat',42,NULL,'0000-00-00 00:00:00','0000-00-00 00:00:00'),(112,'Crobat',42,NULL,'0000-00-00 00:00:00','0000-00-00 00:00:00'),(113,'Oddish',43,NULL,'0000-00-00 00:00:00','0000-00-00 00:00:00'),(114,'Gloom',43,NULL,'0000-00-00 00:00:00','0000-00-00 00:00:00'),(115,'Vileplume',43,NULL,'0000-00-00 00:00:00','0000-00-00 00:00:00'),(116,'Oddish',44,NULL,'0000-00-00 00:00:00','0000-00-00 00:00:00'),(117,'Gloom',44,NULL,'0000-00-00 00:00:00','0000-00-00 00:00:00'),(118,'Vileplume',44,NULL,'0000-00-00 00:00:00','0000-00-00 00:00:00'),(119,'Oddish',45,NULL,'0000-00-00 00:00:00','0000-00-00 00:00:00'),(120,'Gloom',45,NULL,'0000-00-00 00:00:00','0000-00-00 00:00:00'),(121,'Vileplume',45,NULL,'0000-00-00 00:00:00','0000-00-00 00:00:00'),(122,'Paras',46,NULL,'0000-00-00 00:00:00','0000-00-00 00:00:00'),(123,'Parasect',46,NULL,'0000-00-00 00:00:00','0000-00-00 00:00:00'),(124,'Paras',47,NULL,'0000-00-00 00:00:00','0000-00-00 00:00:00'),(125,'Parasect',47,NULL,'0000-00-00 00:00:00','0000-00-00 00:00:00'),(126,'Venonat',48,NULL,'0000-00-00 00:00:00','0000-00-00 00:00:00'),(127,'Venomoth',48,NULL,'0000-00-00 00:00:00','0000-00-00 00:00:00'),(128,'Venonat',49,NULL,'0000-00-00 00:00:00','0000-00-00 00:00:00'),(129,'Venomoth',49,NULL,'0000-00-00 00:00:00','0000-00-00 00:00:00'),(130,'Diglett',50,NULL,'0000-00-00 00:00:00','0000-00-00 00:00:00'),(131,'Dugtrio',50,NULL,'0000-00-00 00:00:00','0000-00-00 00:00:00'),(132,'Diglett',51,NULL,'0000-00-00 00:00:00','0000-00-00 00:00:00'),(133,'Dugtrio',51,NULL,'0000-00-00 00:00:00','0000-00-00 00:00:00'),(134,'Meowth',52,NULL,'0000-00-00 00:00:00','0000-00-00 00:00:00'),(135,'Persian',52,NULL,'0000-00-00 00:00:00','0000-00-00 00:00:00'),(136,'Meowth',53,NULL,'0000-00-00 00:00:00','0000-00-00 00:00:00'),(137,'Persian',53,NULL,'0000-00-00 00:00:00','0000-00-00 00:00:00'),(138,'Psyduck',54,NULL,'0000-00-00 00:00:00','0000-00-00 00:00:00'),(139,'Golduck',54,NULL,'0000-00-00 00:00:00','0000-00-00 00:00:00'),(140,'Psyduck',55,NULL,'0000-00-00 00:00:00','0000-00-00 00:00:00'),(141,'Golduck',55,NULL,'0000-00-00 00:00:00','0000-00-00 00:00:00'),(142,'Mankey',56,NULL,'0000-00-00 00:00:00','0000-00-00 00:00:00'),(143,'Primeape',56,NULL,'0000-00-00 00:00:00','0000-00-00 00:00:00'),(144,'Mankey',57,NULL,'0000-00-00 00:00:00','0000-00-00 00:00:00'),(145,'Primeape',57,NULL,'0000-00-00 00:00:00','0000-00-00 00:00:00'),(146,'Growlithe',58,NULL,'0000-00-00 00:00:00','0000-00-00 00:00:00'),(147,'Arcanine',58,NULL,'0000-00-00 00:00:00','0000-00-00 00:00:00'),(148,'Growlithe',59,NULL,'0000-00-00 00:00:00','0000-00-00 00:00:00'),(149,'Arcanine',59,NULL,'0000-00-00 00:00:00','0000-00-00 00:00:00'),(150,'Poliwag',60,NULL,'0000-00-00 00:00:00','0000-00-00 00:00:00'),(151,'Poliwhirl',60,NULL,'0000-00-00 00:00:00','0000-00-00 00:00:00'),(152,'Poliwrath',60,NULL,'0000-00-00 00:00:00','0000-00-00 00:00:00'),(153,'Poliwag',61,NULL,'0000-00-00 00:00:00','0000-00-00 00:00:00'),(154,'Poliwhirl',61,NULL,'0000-00-00 00:00:00','0000-00-00 00:00:00'),(155,'Poliwrath',61,NULL,'0000-00-00 00:00:00','0000-00-00 00:00:00'),(156,'Poliwag',62,NULL,'0000-00-00 00:00:00','0000-00-00 00:00:00'),(157,'Poliwhirl',62,NULL,'0000-00-00 00:00:00','0000-00-00 00:00:00'),(158,'Poliwrath',62,NULL,'0000-00-00 00:00:00','0000-00-00 00:00:00'),(159,'Abra',63,NULL,'0000-00-00 00:00:00','0000-00-00 00:00:00'),(160,'Kadabra',63,NULL,'0000-00-00 00:00:00','0000-00-00 00:00:00'),(161,'Alakazam',63,NULL,'0000-00-00 00:00:00','0000-00-00 00:00:00'),(162,'Abra',64,NULL,'0000-00-00 00:00:00','0000-00-00 00:00:00'),(163,'Kadabra',64,NULL,'0000-00-00 00:00:00','0000-00-00 00:00:00'),(164,'Alakazam',64,NULL,'0000-00-00 00:00:00','0000-00-00 00:00:00'),(165,'Abra',65,NULL,'0000-00-00 00:00:00','0000-00-00 00:00:00'),(166,'Kadabra',65,NULL,'0000-00-00 00:00:00','0000-00-00 00:00:00'),(167,'Alakazam',65,NULL,'0000-00-00 00:00:00','0000-00-00 00:00:00'),(168,'Machop',66,NULL,'0000-00-00 00:00:00','0000-00-00 00:00:00'),(169,'Machoke',66,NULL,'0000-00-00 00:00:00','0000-00-00 00:00:00'),(170,'Machamp',66,NULL,'0000-00-00 00:00:00','0000-00-00 00:00:00'),(171,'Machop',67,NULL,'0000-00-00 00:00:00','0000-00-00 00:00:00'),(172,'Machoke',67,NULL,'0000-00-00 00:00:00','0000-00-00 00:00:00'),(173,'Machamp',67,NULL,'0000-00-00 00:00:00','0000-00-00 00:00:00'),(174,'Machop',68,NULL,'0000-00-00 00:00:00','0000-00-00 00:00:00'),(175,'Machoke',68,NULL,'0000-00-00 00:00:00','0000-00-00 00:00:00'),(176,'Machamp',68,NULL,'0000-00-00 00:00:00','0000-00-00 00:00:00'),(177,'Bellsprout',69,NULL,'0000-00-00 00:00:00','0000-00-00 00:00:00'),(178,'Weepinbell',69,NULL,'0000-00-00 00:00:00','0000-00-00 00:00:00'),(179,'Victreebel',69,NULL,'0000-00-00 00:00:00','0000-00-00 00:00:00'),(180,'Bellsprout',70,NULL,'0000-00-00 00:00:00','0000-00-00 00:00:00'),(181,'Weepinbell',70,NULL,'0000-00-00 00:00:00','0000-00-00 00:00:00'),(182,'Victreebel',70,NULL,'0000-00-00 00:00:00','0000-00-00 00:00:00'),(183,'Bellsprout',71,NULL,'0000-00-00 00:00:00','0000-00-00 00:00:00'),(184,'Weepinbell',71,NULL,'0000-00-00 00:00:00','0000-00-00 00:00:00'),(185,'Victreebel',71,NULL,'0000-00-00 00:00:00','0000-00-00 00:00:00'),(186,'Tentacool',72,NULL,'0000-00-00 00:00:00','0000-00-00 00:00:00'),(187,'Tentacruel',72,NULL,'0000-00-00 00:00:00','0000-00-00 00:00:00'),(188,'Tentacool',73,NULL,'0000-00-00 00:00:00','0000-00-00 00:00:00'),(189,'Tentacruel',73,NULL,'0000-00-00 00:00:00','0000-00-00 00:00:00'),(190,'Geodude',74,NULL,'0000-00-00 00:00:00','0000-00-00 00:00:00'),(191,'Graveler',74,NULL,'0000-00-00 00:00:00','0000-00-00 00:00:00'),(192,'Golem',74,NULL,'0000-00-00 00:00:00','0000-00-00 00:00:00'),(193,'Geodude',75,NULL,'0000-00-00 00:00:00','0000-00-00 00:00:00'),(194,'Graveler',75,NULL,'0000-00-00 00:00:00','0000-00-00 00:00:00'),(195,'Golem',75,NULL,'0000-00-00 00:00:00','0000-00-00 00:00:00'),(196,'Geodude',76,NULL,'0000-00-00 00:00:00','0000-00-00 00:00:00'),(197,'Graveler',76,NULL,'0000-00-00 00:00:00','0000-00-00 00:00:00'),(198,'Golem',76,NULL,'0000-00-00 00:00:00','0000-00-00 00:00:00'),(199,'Ponyta',77,NULL,'0000-00-00 00:00:00','0000-00-00 00:00:00'),(200,'Rapidash',77,NULL,'0000-00-00 00:00:00','0000-00-00 00:00:00'),(201,'Ponyta',78,NULL,'0000-00-00 00:00:00','0000-00-00 00:00:00'),(202,'Rapidash',78,NULL,'0000-00-00 00:00:00','0000-00-00 00:00:00'),(203,'Slowpoke',79,NULL,'0000-00-00 00:00:00','0000-00-00 00:00:00'),(204,'Slowbro',79,NULL,'0000-00-00 00:00:00','0000-00-00 00:00:00'),(205,'Slowpoke',80,NULL,'0000-00-00 00:00:00','0000-00-00 00:00:00'),(206,'Slowbro',80,NULL,'0000-00-00 00:00:00','0000-00-00 00:00:00'),(207,'Magnemite',81,NULL,'0000-00-00 00:00:00','0000-00-00 00:00:00'),(208,'Magneton',81,NULL,'0000-00-00 00:00:00','0000-00-00 00:00:00'),(209,'Magnemite',82,NULL,'0000-00-00 00:00:00','0000-00-00 00:00:00'),(210,'Magneton',82,NULL,'0000-00-00 00:00:00','0000-00-00 00:00:00'),(211,'Doduo',84,NULL,'0000-00-00 00:00:00','0000-00-00 00:00:00'),(212,'Dodrio',84,NULL,'0000-00-00 00:00:00','0000-00-00 00:00:00'),(213,'Doduo',85,NULL,'0000-00-00 00:00:00','0000-00-00 00:00:00'),(214,'Dodrio',85,NULL,'0000-00-00 00:00:00','0000-00-00 00:00:00'),(215,'Seel',86,NULL,'0000-00-00 00:00:00','0000-00-00 00:00:00'),(216,'Dewgong',86,NULL,'0000-00-00 00:00:00','0000-00-00 00:00:00'),(217,'Seel',87,NULL,'0000-00-00 00:00:00','0000-00-00 00:00:00'),(218,'Dewgong',87,NULL,'0000-00-00 00:00:00','0000-00-00 00:00:00'),(219,'Grimer',88,NULL,'0000-00-00 00:00:00','0000-00-00 00:00:00'),(220,'Muk',88,NULL,'0000-00-00 00:00:00','0000-00-00 00:00:00'),(221,'Grimer',89,NULL,'0000-00-00 00:00:00','0000-00-00 00:00:00'),(222,'Muk',89,NULL,'0000-00-00 00:00:00','0000-00-00 00:00:00'),(223,'Shellder',90,NULL,'0000-00-00 00:00:00','0000-00-00 00:00:00'),(224,'Cloyster',90,NULL,'0000-00-00 00:00:00','0000-00-00 00:00:00'),(225,'Shellder',91,NULL,'0000-00-00 00:00:00','0000-00-00 00:00:00'),(226,'Cloyster',91,NULL,'0000-00-00 00:00:00','0000-00-00 00:00:00'),(227,'Gastly',92,NULL,'0000-00-00 00:00:00','0000-00-00 00:00:00'),(228,'Haunter',92,NULL,'0000-00-00 00:00:00','0000-00-00 00:00:00'),(229,'Gengar',92,NULL,'0000-00-00 00:00:00','0000-00-00 00:00:00'),(230,'Gastly',93,NULL,'0000-00-00 00:00:00','0000-00-00 00:00:00'),(231,'Haunter',93,NULL,'0000-00-00 00:00:00','0000-00-00 00:00:00'),(232,'Gengar',93,NULL,'0000-00-00 00:00:00','0000-00-00 00:00:00'),(233,'Gastly',94,NULL,'0000-00-00 00:00:00','0000-00-00 00:00:00'),(234,'Haunter',94,NULL,'0000-00-00 00:00:00','0000-00-00 00:00:00'),(235,'Gengar',94,NULL,'0000-00-00 00:00:00','0000-00-00 00:00:00'),(236,'Onix',95,NULL,'0000-00-00 00:00:00','0000-00-00 00:00:00'),(237,'Drowzee',96,NULL,'0000-00-00 00:00:00','0000-00-00 00:00:00'),(238,'Hypno',96,NULL,'0000-00-00 00:00:00','0000-00-00 00:00:00'),(239,'Drowzee',97,NULL,'0000-00-00 00:00:00','0000-00-00 00:00:00'),(240,'Hypno',97,NULL,'0000-00-00 00:00:00','0000-00-00 00:00:00'),(241,'Krabby',98,NULL,'0000-00-00 00:00:00','0000-00-00 00:00:00'),(242,'Kingler',98,NULL,'0000-00-00 00:00:00','0000-00-00 00:00:00'),(243,'Krabby',99,NULL,'0000-00-00 00:00:00','0000-00-00 00:00:00'),(244,'Kingler',99,NULL,'0000-00-00 00:00:00','0000-00-00 00:00:00'),(245,'Voltorb',100,NULL,'0000-00-00 00:00:00','0000-00-00 00:00:00'),(246,'Electrode',100,NULL,'0000-00-00 00:00:00','0000-00-00 00:00:00'),(247,'Voltorb',101,NULL,'0000-00-00 00:00:00','0000-00-00 00:00:00'),(248,'Electrode',101,NULL,'0000-00-00 00:00:00','0000-00-00 00:00:00'),(249,'Exeggcute',102,NULL,'0000-00-00 00:00:00','0000-00-00 00:00:00'),(250,'Exeggutor',102,NULL,'0000-00-00 00:00:00','0000-00-00 00:00:00'),(251,'Exeggcute',103,NULL,'0000-00-00 00:00:00','0000-00-00 00:00:00'),(252,'Exeggutor',103,NULL,'0000-00-00 00:00:00','0000-00-00 00:00:00'),(253,'Cubone',104,NULL,'0000-00-00 00:00:00','0000-00-00 00:00:00'),(254,'Marowak',104,NULL,'0000-00-00 00:00:00','0000-00-00 00:00:00'),(255,'Cubone',105,NULL,'0000-00-00 00:00:00','0000-00-00 00:00:00'),(256,'Marowak',105,NULL,'0000-00-00 00:00:00','0000-00-00 00:00:00'),(257,'Hitmonlee',106,NULL,'0000-00-00 00:00:00','0000-00-00 00:00:00'),(258,'Hitmonchan',106,NULL,'0000-00-00 00:00:00','0000-00-00 00:00:00'),(259,'Hitmonlee',107,NULL,'0000-00-00 00:00:00','0000-00-00 00:00:00'),(260,'Hitmonchan',107,NULL,'0000-00-00 00:00:00','0000-00-00 00:00:00'),(261,'Lickitung',108,NULL,'0000-00-00 00:00:00','0000-00-00 00:00:00'),(262,'Koffing',109,NULL,'0000-00-00 00:00:00','0000-00-00 00:00:00'),(263,'Weezing',109,NULL,'0000-00-00 00:00:00','0000-00-00 00:00:00'),(264,'Koffing',110,NULL,'0000-00-00 00:00:00','0000-00-00 00:00:00'),(265,'Weezing',110,NULL,'0000-00-00 00:00:00','0000-00-00 00:00:00'),(266,'Rhyhorn',111,NULL,'0000-00-00 00:00:00','0000-00-00 00:00:00'),(267,'Rhydon',111,NULL,'0000-00-00 00:00:00','0000-00-00 00:00:00'),(268,'Rhyhorn',112,NULL,'0000-00-00 00:00:00','0000-00-00 00:00:00'),(269,'Rhydon',112,NULL,'0000-00-00 00:00:00','0000-00-00 00:00:00'),(270,'Chansey',113,NULL,'0000-00-00 00:00:00','0000-00-00 00:00:00'),(271,'Tangela',114,NULL,'0000-00-00 00:00:00','0000-00-00 00:00:00'),(272,'Horsea',116,NULL,'0000-00-00 00:00:00','0000-00-00 00:00:00'),(273,'Seadra',116,NULL,'0000-00-00 00:00:00','0000-00-00 00:00:00'),(274,'Horsea',117,NULL,'0000-00-00 00:00:00','0000-00-00 00:00:00'),(275,'Seadra',117,NULL,'0000-00-00 00:00:00','0000-00-00 00:00:00'),(276,'Goldeen',118,NULL,'0000-00-00 00:00:00','0000-00-00 00:00:00'),(277,'Seaking',118,NULL,'0000-00-00 00:00:00','0000-00-00 00:00:00'),(278,'Goldeen',119,NULL,'0000-00-00 00:00:00','0000-00-00 00:00:00'),(279,'Seaking',119,NULL,'0000-00-00 00:00:00','0000-00-00 00:00:00'),(280,'Staryu',120,NULL,'0000-00-00 00:00:00','0000-00-00 00:00:00'),(281,'Starmie',120,NULL,'0000-00-00 00:00:00','0000-00-00 00:00:00'),(282,'Staryu',121,NULL,'0000-00-00 00:00:00','0000-00-00 00:00:00'),(283,'Starmie',121,NULL,'0000-00-00 00:00:00','0000-00-00 00:00:00'),(284,'Mr. Mime',122,NULL,'0000-00-00 00:00:00','0000-00-00 00:00:00'),(285,'Scyther',123,NULL,'0000-00-00 00:00:00','0000-00-00 00:00:00'),(286,'Jynx',124,NULL,'0000-00-00 00:00:00','0000-00-00 00:00:00'),(287,'Electabuzz',125,NULL,'0000-00-00 00:00:00','0000-00-00 00:00:00'),(288,'Magmar',126,NULL,'0000-00-00 00:00:00','0000-00-00 00:00:00'),(289,'Magikarp',129,NULL,'0000-00-00 00:00:00','0000-00-00 00:00:00'),(290,'Gyarados',129,NULL,'0000-00-00 00:00:00','0000-00-00 00:00:00'),(291,'Magikarp',130,NULL,'0000-00-00 00:00:00','0000-00-00 00:00:00'),(292,'Gyarados',130,NULL,'0000-00-00 00:00:00','0000-00-00 00:00:00'),(293,'Vaporeon',133,NULL,'0000-00-00 00:00:00','0000-00-00 00:00:00'),(294,'Jolteon',133,NULL,'0000-00-00 00:00:00','0000-00-00 00:00:00'),(295,'Flareon',133,NULL,'0000-00-00 00:00:00','0000-00-00 00:00:00'),(296,'Eevee',133,NULL,'0000-00-00 00:00:00','0000-00-00 00:00:00'),(297,'Vaporeon',134,NULL,'0000-00-00 00:00:00','0000-00-00 00:00:00'),(298,'Jolteon',134,NULL,'0000-00-00 00:00:00','0000-00-00 00:00:00'),(299,'Flareon',134,NULL,'0000-00-00 00:00:00','0000-00-00 00:00:00'),(300,'Eevee',134,NULL,'0000-00-00 00:00:00','0000-00-00 00:00:00'),(301,'Vaporeon',135,NULL,'0000-00-00 00:00:00','0000-00-00 00:00:00'),(302,'Jolteon',135,NULL,'0000-00-00 00:00:00','0000-00-00 00:00:00'),(303,'Flareon',135,NULL,'0000-00-00 00:00:00','0000-00-00 00:00:00'),(304,'Eevee',135,NULL,'0000-00-00 00:00:00','0000-00-00 00:00:00'),(305,'Vaporeon',136,NULL,'0000-00-00 00:00:00','0000-00-00 00:00:00'),(306,'Jolteon',136,NULL,'0000-00-00 00:00:00','0000-00-00 00:00:00'),(307,'Flareon',136,NULL,'0000-00-00 00:00:00','0000-00-00 00:00:00'),(308,'Eevee',136,NULL,'0000-00-00 00:00:00','0000-00-00 00:00:00'),(309,'Porygon',137,NULL,'0000-00-00 00:00:00','0000-00-00 00:00:00'),(310,'Omanyte',138,NULL,'0000-00-00 00:00:00','0000-00-00 00:00:00'),(311,'Omastar',138,NULL,'0000-00-00 00:00:00','0000-00-00 00:00:00'),(312,'Omanyte',139,NULL,'0000-00-00 00:00:00','0000-00-00 00:00:00'),(313,'Omastar',139,NULL,'0000-00-00 00:00:00','0000-00-00 00:00:00'),(314,'Kabuto',140,NULL,'0000-00-00 00:00:00','0000-00-00 00:00:00'),(315,'Kabutops',140,NULL,'0000-00-00 00:00:00','0000-00-00 00:00:00'),(316,'Kabuto',141,NULL,'0000-00-00 00:00:00','0000-00-00 00:00:00'),(317,'Kabutops',141,NULL,'0000-00-00 00:00:00','0000-00-00 00:00:00'),(318,'Snorlax',143,NULL,'0000-00-00 00:00:00','0000-00-00 00:00:00'),(319,'Dratini',147,NULL,'0000-00-00 00:00:00','0000-00-00 00:00:00'),(320,'Dragonair',147,NULL,'0000-00-00 00:00:00','0000-00-00 00:00:00'),(321,'Dragonite',147,NULL,'0000-00-00 00:00:00','0000-00-00 00:00:00'),(322,'Dratini',148,NULL,'0000-00-00 00:00:00','0000-00-00 00:00:00'),(323,'Dragonair',148,NULL,'0000-00-00 00:00:00','0000-00-00 00:00:00'),(324,'Dragonite',148,NULL,'0000-00-00 00:00:00','0000-00-00 00:00:00'),(325,'Dratini',149,NULL,'0000-00-00 00:00:00','0000-00-00 00:00:00'),(326,'Dragonair',149,NULL,'0000-00-00 00:00:00','0000-00-00 00:00:00'),(327,'Dragonite',149,NULL,'0000-00-00 00:00:00','0000-00-00 00:00:00');
/*!40000 ALTER TABLE `pokemonevolutions` ENABLE KEYS */;
UNLOCK TABLES;

--
-- Table structure for table `pokemons`
--

DROP TABLE IF EXISTS `pokemons`;
/*!40101 SET @saved_cs_client     = @@character_set_client */;
/*!40101 SET character_set_client = utf8 */;
CREATE TABLE `pokemons` (
  `id` int(10) unsigned NOT NULL AUTO_INCREMENT,
  `name` varchar(255) COLLATE utf8_unicode_ci NOT NULL,
  `number` varchar(255) COLLATE utf8_unicode_ci NOT NULL,
  `specie` varchar(255) COLLATE utf8_unicode_ci NOT NULL,
  `height` varchar(255) COLLATE utf8_unicode_ci NOT NULL,
  `weight` varchar(255) COLLATE utf8_unicode_ci NOT NULL,
  `deleted_at` timestamp NULL DEFAULT NULL,
  `created_at` timestamp NOT NULL DEFAULT '0000-00-00 00:00:00',
  `updated_at` timestamp NOT NULL DEFAULT '0000-00-00 00:00:00',
  PRIMARY KEY (`id`)
) ENGINE=InnoDB AUTO_INCREMENT=152 DEFAULT CHARSET=utf8 COLLATE=utf8_unicode_ci;
/*!40101 SET character_set_client = @saved_cs_client */;

--
-- Dumping data for table `pokemons`
--

LOCK TABLES `pokemons` WRITE;
/*!40000 ALTER TABLE `pokemons` DISABLE KEYS */;
INSERT INTO `pokemons` VALUES (1,'Bulbasaur','001','Seed Pokémon','2′4″ (0.71m)','15.2 lbs (6.9 kg)',NULL,'0000-00-00 00:00:00','0000-00-00 00:00:00'),(2,'Ivysaur','002','Seed Pokémon','3′3″ (0.99m)','28.7 lbs (13.0 kg)',NULL,'0000-00-00 00:00:00','0000-00-00 00:00:00'),(3,'Venusaur','003','Seed Pokémon','6′7″ (2.01m)','220.5 lbs (100.0 kg)',NULL,'0000-00-00 00:00:00','0000-00-00 00:00:00'),(4,'Charmander','004','Lizard Pokémon','2′0″ (0.61m)','18.7 lbs (8.5 kg)',NULL,'0000-00-00 00:00:00','0000-00-00 00:00:00'),(5,'Charmeleon','005','Flame Pokémon','3′7″ (1.09m)','41.9 lbs (19.0 kg)',NULL,'0000-00-00 00:00:00','0000-00-00 00:00:00'),(6,'Charizard','006','Flame Pokémon','5′7″ (1.70m)','199.5 lbs (90.5 kg)',NULL,'0000-00-00 00:00:00','0000-00-00 00:00:00'),(7,'Squirtle','007','Tiny Turtle Pokémon','1′8″ (0.51m)','19.8 lbs (9.0 kg)',NULL,'0000-00-00 00:00:00','0000-00-00 00:00:00'),(8,'Wartortle','008','Turtle Pokémon','3′3″ (0.99m)','49.6 lbs (22.5 kg)',NULL,'0000-00-00 00:00:00','0000-00-00 00:00:00'),(9,'Blastoise','009','Shellfish Pokémon','5′3″ (1.60m)','188.5 lbs (85.5 kg)',NULL,'0000-00-00 00:00:00','0000-00-00 00:00:00'),(10,'Caterpie','010','Worm Pokémon','1′0″ (0.30m)','6.4 lbs (2.9 kg)',NULL,'0000-00-00 00:00:00','0000-00-00 00:00:00'),(11,'Metapod','011','Cocoon Pokémon','2′4″ (0.71m)','21.8 lbs (9.9 kg)',NULL,'0000-00-00 00:00:00','0000-00-00 00:00:00'),(12,'Butterfree','012','Butterfly Pokémon','3′7″ (1.09m)','70.5 lbs (32.0 kg)',NULL,'0000-00-00 00:00:00','0000-00-00 00:00:00'),(13,'Weedle','013','Hairy Bug Pokémon','1′0″ (0.30m)','7.1 lbs (3.2 kg)',NULL,'0000-00-00 00:00:00','0000-00-00 00:00:00'),(14,'Kakuna','014','Cocoon Pokémon','2′0″ (0.61m)','22 lbs (10.0 kg)',NULL,'0000-00-00 00:00:00','0000-00-00 00:00:00'),(15,'Beedrill','015','Poison Bee Pokémon','3′3″ (0.99m)','65 lbs (29.5 kg)',NULL,'0000-00-00 00:00:00','0000-00-00 00:00:00'),(16,'Pidgey','016','Tiny Bird Pokémon','1′0″ (0.30m)','4 lbs (1.8 kg)',NULL,'0000-00-00 00:00:00','0000-00-00 00:00:00'),(17,'Pidgeotto','017','Bird Pokémon','3′7″ (1.09m)','66.1 lbs (30.0 kg)',NULL,'0000-00-00 00:00:00','0000-00-00 00:00:00'),(18,'Pidgeot','018','Bird Pokémon','4′11″ (1.50m)','87.1 lbs (39.5 kg)',NULL,'0000-00-00 00:00:00','0000-00-00 00:00:00'),(19,'Rattata','019','Mouse Pokémon','1′0″ (0.30m)','7.7 lbs (3.5 kg)',NULL,'0000-00-00 00:00:00','0000-00-00 00:00:00'),(20,'Raticate','020','Mouse Pokémon','2′4″ (0.71m)','40.8 lbs (18.5 kg)',NULL,'0000-00-00 00:00:00','0000-00-00 00:00:00'),(21,'Spearow','021','Tiny Bird Pokémon','1′0″ (0.30m)','4.4 lbs (2.0 kg)',NULL,'0000-00-00 00:00:00','0000-00-00 00:00:00'),(22,'Fearow','022','Beak Pokémon','3′11″ (1.19m)','83.8 lbs (38.0 kg)',NULL,'0000-00-00 00:00:00','0000-00-00 00:00:00'),(23,'Ekans','023','Snake Pokémon','6′7″ (2.01m)','15.2 lbs (6.9 kg)',NULL,'0000-00-00 00:00:00','0000-00-00 00:00:00'),(24,'Arbok','024','Cobra Pokémon','11′6″ (3.51m)','143.3 lbs (65.0 kg)',NULL,'0000-00-00 00:00:00','0000-00-00 00:00:00'),(25,'Pikachu','025','Mouse Pokémon','1′4″ (0.41m)','13.2 lbs (6.0 kg)',NULL,'0000-00-00 00:00:00','0000-00-00 00:00:00'),(26,'Raichu','026','Mouse Pokémon','2′7″ (0.79m)','66.1 lbs (30.0 kg)',NULL,'0000-00-00 00:00:00','0000-00-00 00:00:00'),(27,'Sandshrew','027','Mouse Pokémon','2′0″ (0.61m)','26.5 lbs (12.0 kg)',NULL,'0000-00-00 00:00:00','0000-00-00 00:00:00'),(28,'Sandslash','028','Mouse Pokémon','3′3″ (0.99m)','65 lbs (29.5 kg)',NULL,'0000-00-00 00:00:00','0000-00-00 00:00:00'),(29,'Nidoran♀','029','Poison Pin Pokémon','1′4″ (0.41m)','15.4 lbs (7.0 kg)',NULL,'0000-00-00 00:00:00','0000-00-00 00:00:00'),(30,'Nidorina','030','Poison Pin Pokémon','2′7″ (0.79m)','44.1 lbs (20.0 kg)',NULL,'0000-00-00 00:00:00','0000-00-00 00:00:00'),(31,'Nidoqueen','031','Drill Pokémon','4′3″ (1.30m)','132.3 lbs (60.0 kg)',NULL,'0000-00-00 00:00:00','0000-00-00 00:00:00'),(32,'Nidoran♂','032','Poison Pin Pokémon','1′8″ (0.51m)','19.8 lbs (9.0 kg)',NULL,'0000-00-00 00:00:00','0000-00-00 00:00:00'),(33,'Nidorino','033','Poison Pin Pokémon','2′11″ (0.89m)','43 lbs (19.5 kg)',NULL,'0000-00-00 00:00:00','0000-00-00 00:00:00'),(34,'Nidoking','034','Drill Pokémon','4′7″ (1.40m)','136.7 lbs (62.0 kg)',NULL,'0000-00-00 00:00:00','0000-00-00 00:00:00'),(35,'Clefairy','035','Fairy Pokémon','2′0″ (0.61m)','16.5 lbs (7.5 kg)',NULL,'0000-00-00 00:00:00','0000-00-00 00:00:00'),(36,'Clefable','036','Fairy Pokémon','4′3″ (1.30m)','88.2 lbs (40.0 kg)',NULL,'0000-00-00 00:00:00','0000-00-00 00:00:00'),(37,'Vulpix','037','Fox Pokémon','2′0″ (0.61m)','21.8 lbs (9.9 kg)',NULL,'0000-00-00 00:00:00','0000-00-00 00:00:00'),(38,'Ninetales','038','Fox Pokémon','3′7″ (1.09m)','43.9 lbs (19.9 kg)',NULL,'0000-00-00 00:00:00','0000-00-00 00:00:00'),(39,'Jigglypuff','039','Balloon Pokémon','1′8″ (0.51m)','12.1 lbs (5.5 kg)',NULL,'0000-00-00 00:00:00','0000-00-00 00:00:00'),(40,'Wigglytuff','040','Balloon Pokémon','3′3″ (0.99m)','26.5 lbs (12.0 kg)',NULL,'0000-00-00 00:00:00','0000-00-00 00:00:00'),(41,'Zubat','041','Bat Pokémon','2′7″ (0.79m)','16.5 lbs (7.5 kg)',NULL,'0000-00-00 00:00:00','0000-00-00 00:00:00'),(42,'Golbat','042','Bat Pokémon','5′3″ (1.60m)','121.3 lbs (55.0 kg)',NULL,'0000-00-00 00:00:00','0000-00-00 00:00:00'),(43,'Oddish','043','Weed Pokémon','1′8″ (0.51m)','11.9 lbs (5.4 kg)',NULL,'0000-00-00 00:00:00','0000-00-00 00:00:00'),(44,'Gloom','044','Weed Pokémon','2′7″ (0.79m)','19 lbs (8.6 kg)',NULL,'0000-00-00 00:00:00','0000-00-00 00:00:00'),(45,'Vileplume','045','Flower Pokémon','3′11″ (1.19m)','41 lbs (18.6 kg)',NULL,'0000-00-00 00:00:00','0000-00-00 00:00:00'),(46,'Paras','046','Mushroom Pokémon','1′0″ (0.30m)','11.9 lbs (5.4 kg)',NULL,'0000-00-00 00:00:00','0000-00-00 00:00:00'),(47,'Parasect','047','Mushroom Pokémon','3′3″ (0.99m)','65 lbs (29.5 kg)',NULL,'0000-00-00 00:00:00','0000-00-00 00:00:00'),(48,'Venonat','048','Insect Pokémon','3′3″ (0.99m)','66.1 lbs (30.0 kg)',NULL,'0000-00-00 00:00:00','0000-00-00 00:00:00'),(49,'Venomoth','049','Poison Moth Pokémon','4′11″ (1.50m)','27.6 lbs (12.5 kg)',NULL,'0000-00-00 00:00:00','0000-00-00 00:00:00'),(50,'Diglett','050','Mole Pokémon','0′8″ (0.20m)','1.8 lbs (0.8 kg)',NULL,'0000-00-00 00:00:00','0000-00-00 00:00:00'),(51,'Dugtrio','051','Mole Pokémon','2′4″ (0.71m)','73.4 lbs (33.3 kg)',NULL,'0000-00-00 00:00:00','0000-00-00 00:00:00'),(52,'Meowth','052','Scratch Cat Pokémon','1′4″ (0.41m)','9.3 lbs (4.2 kg)',NULL,'0000-00-00 00:00:00','0000-00-00 00:00:00'),(53,'Persian','053','Classy Cat Pokémon','3′3″ (0.99m)','70.5 lbs (32.0 kg)',NULL,'0000-00-00 00:00:00','0000-00-00 00:00:00'),(54,'Psyduck','054','Duck Pokémon','2′7″ (0.79m)','43.2 lbs (19.6 kg)',NULL,'0000-00-00 00:00:00','0000-00-00 00:00:00'),(55,'Golduck','055','Duck Pokémon','5′7″ (1.70m)','168.9 lbs (76.6 kg)',NULL,'0000-00-00 00:00:00','0000-00-00 00:00:00'),(56,'Mankey','056','Pig Monkey Pokémon','1′8″ (0.51m)','61.7 lbs (28.0 kg)',NULL,'0000-00-00 00:00:00','0000-00-00 00:00:00'),(57,'Primeape','057','Pig Monkey Pokémon','3′3″ (0.99m)','70.5 lbs (32.0 kg)',NULL,'0000-00-00 00:00:00','0000-00-00 00:00:00'),(58,'Growlithe','058','Puppy Pokémon','2′4″ (0.71m)','41.9 lbs (19.0 kg)',NULL,'0000-00-00 00:00:00','0000-00-00 00:00:00'),(59,'Arcanine','059','Legendary Pokémon','6′3″ (1.91m)','341.7 lbs (155.0 kg)',NULL,'0000-00-00 00:00:00','0000-00-00 00:00:00'),(60,'Poliwag','060','Tadpole Pokémon','2′0″ (0.61m)','27.3 lbs (12.4 kg)',NULL,'0000-00-00 00:00:00','0000-00-00 00:00:00'),(61,'Poliwhirl','061','Tadpole Pokémon','3′3″ (0.99m)','44.1 lbs (20.0 kg)',NULL,'0000-00-00 00:00:00','0000-00-00 00:00:00'),(62,'Poliwrath','062','Tadpole Pokémon','4′3″ (1.30m)','119 lbs (54.0 kg)',NULL,'0000-00-00 00:00:00','0000-00-00 00:00:00'),(63,'Abra','063','Psi Pokémon','2′11″ (0.89m)','43 lbs (19.5 kg)',NULL,'0000-00-00 00:00:00','0000-00-00 00:00:00'),(64,'Kadabra','064','Psi Pokémon','4′3″ (1.30m)','124.6 lbs (56.5 kg)',NULL,'0000-00-00 00:00:00','0000-00-00 00:00:00'),(65,'Alakazam','065','Psi Pokémon','4′11″ (1.50m)','105.8 lbs (48.0 kg)',NULL,'0000-00-00 00:00:00','0000-00-00 00:00:00'),(66,'Machop','066','Superpower Pokémon','2′7″ (0.79m)','43 lbs (19.5 kg)',NULL,'0000-00-00 00:00:00','0000-00-00 00:00:00'),(67,'Machoke','067','Superpower Pokémon','4′11″ (1.50m)','155.4 lbs (70.5 kg)',NULL,'0000-00-00 00:00:00','0000-00-00 00:00:00'),(68,'Machamp','068','Superpower Pokémon','5′3″ (1.60m)','286.6 lbs (130.0 kg)',NULL,'0000-00-00 00:00:00','0000-00-00 00:00:00'),(69,'Bellsprout','069','Flower Pokémon','2′4″ (0.71m)','8.8 lbs (4.0 kg)',NULL,'0000-00-00 00:00:00','0000-00-00 00:00:00'),(70,'Weepinbell','070','Flycatcher Pokémon','3′3″ (0.99m)','14.1 lbs (6.4 kg)',NULL,'0000-00-00 00:00:00','0000-00-00 00:00:00'),(71,'Victreebel','071','Flycatcher Pokémon','5′7″ (1.70m)','34.2 lbs (15.5 kg)',NULL,'0000-00-00 00:00:00','0000-00-00 00:00:00'),(72,'Tentacool','072','Jellyfish Pokémon','2′11″ (0.89m)','100.3 lbs (45.5 kg)',NULL,'0000-00-00 00:00:00','0000-00-00 00:00:00'),(73,'Tentacruel','073','Jellyfish Pokémon','5′3″ (1.60m)','121.3 lbs (55.0 kg)',NULL,'0000-00-00 00:00:00','0000-00-00 00:00:00'),(74,'Geodude','074','Rock Pokémon','1′4″ (0.41m)','44.1 lbs (20.0 kg)',NULL,'0000-00-00 00:00:00','0000-00-00 00:00:00'),(75,'Graveler','075','Rock Pokémon','3′3″ (0.99m)','231.5 lbs (105.0 kg)',NULL,'0000-00-00 00:00:00','0000-00-00 00:00:00'),(76,'Golem','076','Megaton Pokémon','4′7″ (1.40m)','661.4 lbs (300.0 kg)',NULL,'0000-00-00 00:00:00','0000-00-00 00:00:00'),(77,'Ponyta','077','Fire Horse Pokémon','3′3″ (0.99m)','66.1 lbs (30.0 kg)',NULL,'0000-00-00 00:00:00','0000-00-00 00:00:00'),(78,'Rapidash','078','Fire Horse Pokémon','5′7″ (1.70m)','209.4 lbs (95.0 kg)',NULL,'0000-00-00 00:00:00','0000-00-00 00:00:00'),(79,'Slowpoke','079','Dopey Pokémon','3′11″ (1.19m)','79.4 lbs (36.0 kg)',NULL,'0000-00-00 00:00:00','0000-00-00 00:00:00'),(80,'Slowbro','080','Hermit Crab Pokémon','5′3″ (1.60m)','173.1 lbs (78.5 kg)',NULL,'0000-00-00 00:00:00','0000-00-00 00:00:00'),(81,'Magnemite','081','Magnet Pokémon','1′0″ (0.30m)','13.2 lbs (6.0 kg)',NULL,'0000-00-00 00:00:00','0000-00-00 00:00:00'),(82,'Magneton','082','Magnet Pokémon','3′3″ (0.99m)','132.3 lbs (60.0 kg)',NULL,'0000-00-00 00:00:00','0000-00-00 00:00:00'),(83,'Farfetch′d','083','Wild Duck Pokémon','2′7″ (0.79m)','33.1 lbs (15.0 kg)',NULL,'0000-00-00 00:00:00','0000-00-00 00:00:00'),(84,'Doduo','084','Twin Bird Pokémon','4′7″ (1.40m)','86.4 lbs (39.2 kg)',NULL,'0000-00-00 00:00:00','0000-00-00 00:00:00'),(85,'Dodrio','085','Triple Bird Pokémon','5′11″ (1.80m)','187.8 lbs (85.2 kg)',NULL,'0000-00-00 00:00:00','0000-00-00 00:00:00'),(86,'Seel','086','Sea Lion Pokémon','3′7″ (1.09m)','198.4 lbs (90.0 kg)',NULL,'0000-00-00 00:00:00','0000-00-00 00:00:00'),(87,'Dewgong','087','Sea Lion Pokémon','5′7″ (1.70m)','264.6 lbs (120.0 kg)',NULL,'0000-00-00 00:00:00','0000-00-00 00:00:00'),(88,'Grimer','088','Sludge Pokémon','2′11″ (0.89m)','66.1 lbs (30.0 kg)',NULL,'0000-00-00 00:00:00','0000-00-00 00:00:00'),(89,'Muk','089','Sludge Pokémon','3′11″ (1.19m)','66.1 lbs (30.0 kg)',NULL,'0000-00-00 00:00:00','0000-00-00 00:00:00'),(90,'Shellder','090','Bivalve Pokémon','1′0″ (0.30m)','8.8 lbs (4.0 kg)',NULL,'0000-00-00 00:00:00','0000-00-00 00:00:00'),(91,'Cloyster','091','Bivalve Pokémon','4′11″ (1.50m)','292.1 lbs (132.5 kg)',NULL,'0000-00-00 00:00:00','0000-00-00 00:00:00'),(92,'Gastly','092','Gas Pokémon','4′3″ (1.30m)','0.2 lbs (0.1 kg)',NULL,'0000-00-00 00:00:00','0000-00-00 00:00:00'),(93,'Haunter','093','Gas Pokémon','5′3″ (1.60m)','0.2 lbs (0.1 kg)',NULL,'0000-00-00 00:00:00','0000-00-00 00:00:00'),(94,'Gengar','094','Shadow Pokémon','4′11″ (1.50m)','89.3 lbs (40.5 kg)',NULL,'0000-00-00 00:00:00','0000-00-00 00:00:00'),(95,'Onix','095','Rock Snake Pokémon','28′10″ (8.79m)','463 lbs (210.0 kg)',NULL,'0000-00-00 00:00:00','0000-00-00 00:00:00'),(96,'Drowzee','096','Hypnosis Pokémon','3′3″ (0.99m)','71.4 lbs (32.4 kg)',NULL,'0000-00-00 00:00:00','0000-00-00 00:00:00'),(97,'Hypno','097','Hypnosis Pokémon','5′3″ (1.60m)','166.7 lbs (75.6 kg)',NULL,'0000-00-00 00:00:00','0000-00-00 00:00:00'),(98,'Krabby','098','River Crab Pokémon','1′4″ (0.41m)','14.3 lbs (6.5 kg)',NULL,'0000-00-00 00:00:00','0000-00-00 00:00:00'),(99,'Kingler','099','Pincer Pokémon','4′3″ (1.30m)','132.3 lbs (60.0 kg)',NULL,'0000-00-00 00:00:00','0000-00-00 00:00:00'),(100,'Voltorb','100','Ball Pokémon','1′8″ (0.51m)','22.9 lbs (10.4 kg)',NULL,'0000-00-00 00:00:00','0000-00-00 00:00:00'),(101,'Electrode','101','Ball Pokémon','3′11″ (1.19m)','146.8 lbs (66.6 kg)',NULL,'0000-00-00 00:00:00','0000-00-00 00:00:00'),(102,'Exeggcute','102','Egg Pokémon','1′4″ (0.41m)','5.5 lbs (2.5 kg)',NULL,'0000-00-00 00:00:00','0000-00-00 00:00:00'),(103,'Exeggutor','103','Coconut Pokémon','6′7″ (2.01m)','264.6 lbs (120.0 kg)',NULL,'0000-00-00 00:00:00','0000-00-00 00:00:00'),(104,'Cubone','104','Lonely Pokémon','1′4″ (0.41m)','14.3 lbs (6.5 kg)',NULL,'0000-00-00 00:00:00','0000-00-00 00:00:00'),(105,'Marowak','105','Bone Keeper Pokémon','3′3″ (0.99m)','99.2 lbs (45.0 kg)',NULL,'0000-00-00 00:00:00','0000-00-00 00:00:00'),(106,'Hitmonlee','106','Kicking Pokémon','4′11″ (1.50m)','109.8 lbs (49.8 kg)',NULL,'0000-00-00 00:00:00','0000-00-00 00:00:00'),(107,'Hitmonchan','107','Punching Pokémon','4′7″ (1.40m)','110.7 lbs (50.2 kg)',NULL,'0000-00-00 00:00:00','0000-00-00 00:00:00'),(108,'Lickitung','108','Licking Pokémon','3′11″ (1.19m)','144.4 lbs (65.5 kg)',NULL,'0000-00-00 00:00:00','0000-00-00 00:00:00'),(109,'Koffing','109','Poison Gas Pokémon','2′0″ (0.61m)','2.2 lbs (1.0 kg)',NULL,'0000-00-00 00:00:00','0000-00-00 00:00:00'),(110,'Weezing','110','Poison Gas Pokémon','3′11″ (1.19m)','20.9 lbs (9.5 kg)',NULL,'0000-00-00 00:00:00','0000-00-00 00:00:00'),(111,'Rhyhorn','111','Spikes Pokémon','3′3″ (0.99m)','253.5 lbs (115.0 kg)',NULL,'0000-00-00 00:00:00','0000-00-00 00:00:00'),(112,'Rhydon','112','Drill Pokémon','6′3″ (1.91m)','264.6 lbs (120.0 kg)',NULL,'0000-00-00 00:00:00','0000-00-00 00:00:00'),(113,'Chansey','113','Egg Pokémon','3′7″ (1.09m)','76.3 lbs (34.6 kg)',NULL,'0000-00-00 00:00:00','0000-00-00 00:00:00'),(114,'Tangela','114','Vine Pokémon','3′3″ (0.99m)','77.2 lbs (35.0 kg)',NULL,'0000-00-00 00:00:00','0000-00-00 00:00:00'),(115,'Kangaskhan','115','Parent Pokémon','7′3″ (2.21m)','176.4 lbs (80.0 kg)',NULL,'0000-00-00 00:00:00','0000-00-00 00:00:00'),(116,'Horsea','116','Dragon Pokémon','1′4″ (0.41m)','17.6 lbs (8.0 kg)',NULL,'0000-00-00 00:00:00','0000-00-00 00:00:00'),(117,'Seadra','117','Dragon Pokémon','3′11″ (1.19m)','55.1 lbs (25.0 kg)',NULL,'0000-00-00 00:00:00','0000-00-00 00:00:00'),(118,'Goldeen','118','Goldfish Pokémon','2′0″ (0.61m)','33.1 lbs (15.0 kg)',NULL,'0000-00-00 00:00:00','0000-00-00 00:00:00'),(119,'Seaking','119','Goldfish Pokémon','4′3″ (1.30m)','86 lbs (39.0 kg)',NULL,'0000-00-00 00:00:00','0000-00-00 00:00:00'),(120,'Staryu','120','Star Shape Pokémon','2′7″ (0.79m)','76.1 lbs (34.5 kg)',NULL,'0000-00-00 00:00:00','0000-00-00 00:00:00'),(121,'Starmie','121','Mysterious Pokémon','3′7″ (1.09m)','176.4 lbs (80.0 kg)',NULL,'0000-00-00 00:00:00','0000-00-00 00:00:00'),(122,'Mr. Mime','122','Barrier Pokémon','4′3″ (1.30m)','120.2 lbs (54.5 kg)',NULL,'0000-00-00 00:00:00','0000-00-00 00:00:00'),(123,'Scyther','123','Mantis Pokémon','4′11″ (1.50m)','123.5 lbs (56.0 kg)',NULL,'0000-00-00 00:00:00','0000-00-00 00:00:00'),(124,'Jynx','124','Human Shape Pokémon','4′7″ (1.40m)','89.5 lbs (40.6 kg)',NULL,'0000-00-00 00:00:00','0000-00-00 00:00:00'),(125,'Electabuzz','125','Electric Pokémon','3′7″ (1.09m)','66.1 lbs (30.0 kg)',NULL,'0000-00-00 00:00:00','0000-00-00 00:00:00'),(126,'Magmar','126','Spitfire Pokémon','4′3″ (1.30m)','98.1 lbs (44.5 kg)',NULL,'0000-00-00 00:00:00','0000-00-00 00:00:00'),(127,'Pinsir','127','Stag Beetle Pokémon','4′11″ (1.50m)','121.3 lbs (55.0 kg)',NULL,'0000-00-00 00:00:00','0000-00-00 00:00:00'),(128,'Tauros','128','Wild Bull Pokémon','4′7″ (1.40m)','194.9 lbs (88.4 kg)',NULL,'0000-00-00 00:00:00','0000-00-00 00:00:00'),(129,'Magikarp','129','Fish Pokémon','2′11″ (0.89m)','22 lbs (10.0 kg)',NULL,'0000-00-00 00:00:00','0000-00-00 00:00:00'),(130,'Gyarados','130','Atrocious Pokémon','21′4″ (6.50m)','518.1 lbs (235.0 kg)',NULL,'0000-00-00 00:00:00','0000-00-00 00:00:00'),(131,'Lapras','131','Transport Pokémon','8′2″ (2.49m)','485 lbs (220.0 kg)',NULL,'0000-00-00 00:00:00','0000-00-00 00:00:00'),(132,'Ditto','132','Transform Pokémon','1′0″ (0.30m)','8.8 lbs (4.0 kg)',NULL,'0000-00-00 00:00:00','0000-00-00 00:00:00'),(133,'Eevee','133','Evolution Pokémon','1′0″ (0.30m)','14.3 lbs (6.5 kg)',NULL,'0000-00-00 00:00:00','0000-00-00 00:00:00'),(134,'Vaporeon','134','Bubble Jet Pokémon','3′3″ (0.99m)','63.9 lbs (29.0 kg)',NULL,'0000-00-00 00:00:00','0000-00-00 00:00:00'),(135,'Jolteon','135','Lightning Pokémon','2′7″ (0.79m)','54 lbs (24.5 kg)',NULL,'0000-00-00 00:00:00','0000-00-00 00:00:00'),(136,'Flareon','136','Flame Pokémon','2′11″ (0.89m)','55.1 lbs (25.0 kg)',NULL,'0000-00-00 00:00:00','0000-00-00 00:00:00'),(137,'Porygon','137','Virtual Pokémon','2′7″ (0.79m)','80.5 lbs (36.5 kg)',NULL,'0000-00-00 00:00:00','0000-00-00 00:00:00'),(138,'Omanyte','138','Spiral Pokémon','1′4″ (0.41m)','16.5 lbs (7.5 kg)',NULL,'0000-00-00 00:00:00','0000-00-00 00:00:00'),(139,'Omastar','139','Spiral Pokémon','3′3″ (0.99m)','77.2 lbs (35.0 kg)',NULL,'0000-00-00 00:00:00','0000-00-00 00:00:00'),(140,'Kabuto','140','Shellfish Pokémon','1′8″ (0.51m)','25.4 lbs (11.5 kg)',NULL,'0000-00-00 00:00:00','0000-00-00 00:00:00'),(141,'Kabutops','141','Shellfish Pokémon','4′3″ (1.30m)','89.3 lbs (40.5 kg)',NULL,'0000-00-00 00:00:00','0000-00-00 00:00:00'),(142,'Aerodactyl','142','Fossil Pokémon','5′11″ (1.80m)','130.1 lbs (59.0 kg)',NULL,'0000-00-00 00:00:00','0000-00-00 00:00:00'),(143,'Snorlax','143','Sleeping Pokémon','6′11″ (2.11m)','1014.1 lbs (460.0 kg)',NULL,'0000-00-00 00:00:00','0000-00-00 00:00:00'),(144,'Articuno','144','Freeze Pokémon','5′7″ (1.70m)','122.1 lbs (55.4 kg)',NULL,'0000-00-00 00:00:00','0000-00-00 00:00:00'),(145,'Zapdos','145','Electric Pokémon','5′3″ (1.60m)','116 lbs (52.6 kg)',NULL,'0000-00-00 00:00:00','0000-00-00 00:00:00'),(146,'Moltres','146','Flame Pokémon','6′7″ (2.01m)','132.3 lbs (60.0 kg)',NULL,'0000-00-00 00:00:00','0000-00-00 00:00:00'),(147,'Dratini','147','Dragon Pokémon','5′11″ (1.80m)','7.3 lbs (3.3 kg)',NULL,'0000-00-00 00:00:00','0000-00-00 00:00:00'),(148,'Dragonair','148','Dragon Pokémon','13′1″ (3.99m)','36.4 lbs (16.5 kg)',NULL,'0000-00-00 00:00:00','0000-00-00 00:00:00'),(149,'Dragonite','149','Dragon Pokémon','7′3″ (2.21m)','463 lbs (210.0 kg)',NULL,'0000-00-00 00:00:00','0000-00-00 00:00:00'),(150,'Mewtwo','150','Genetic Pokémon','6′7″ (2.01m)','269 lbs (122.0 kg)',NULL,'0000-00-00 00:00:00','0000-00-00 00:00:00'),(151,'Mew','151','New Species Pokémon','1′4″ (0.41m)','8.8 lbs (4.0 kg)',NULL,'0000-00-00 00:00:00','0000-00-00 00:00:00');
/*!40000 ALTER TABLE `pokemons` ENABLE KEYS */;
UNLOCK TABLES;

--
-- Table structure for table `pokemonstats`
--

DROP TABLE IF EXISTS `pokemonstats`;
/*!40101 SET @saved_cs_client     = @@character_set_client */;
/*!40101 SET character_set_client = utf8 */;
CREATE TABLE `pokemonstats` (
  `id` int(10) unsigned NOT NULL AUTO_INCREMENT,
  `hp` int(11) NOT NULL,
  `attack` int(11) NOT NULL,
  `defense` int(11) NOT NULL,
  `special_attack` int(11) NOT NULL,
  `special_defense` int(11) NOT NULL,
  `speed` int(11) NOT NULL,
  `total` int(11) NOT NULL,
  `pokemon_id` int(11) NOT NULL,
  `deleted_at` timestamp NULL DEFAULT NULL,
  `created_at` timestamp NOT NULL DEFAULT '0000-00-00 00:00:00',
  `updated_at` timestamp NOT NULL DEFAULT '0000-00-00 00:00:00',
  PRIMARY KEY (`id`)
) ENGINE=InnoDB AUTO_INCREMENT=152 DEFAULT CHARSET=utf8 COLLATE=utf8_unicode_ci;
/*!40101 SET character_set_client = @saved_cs_client */;

--
-- Dumping data for table `pokemonstats`
--

LOCK TABLES `pokemonstats` WRITE;
/*!40000 ALTER TABLE `pokemonstats` DISABLE KEYS */;
INSERT INTO `pokemonstats` VALUES (1,45,49,49,65,65,45,318,1,NULL,'0000-00-00 00:00:00','0000-00-00 00:00:00'),(2,60,62,63,80,80,60,405,2,NULL,'0000-00-00 00:00:00','0000-00-00 00:00:00'),(3,80,82,83,100,100,80,525,3,NULL,'0000-00-00 00:00:00','0000-00-00 00:00:00'),(4,39,52,43,60,50,65,309,4,NULL,'0000-00-00 00:00:00','0000-00-00 00:00:00'),(5,58,64,58,80,65,80,405,5,NULL,'0000-00-00 00:00:00','0000-00-00 00:00:00'),(6,78,84,78,109,85,100,534,6,NULL,'0000-00-00 00:00:00','0000-00-00 00:00:00'),(7,44,48,65,50,64,43,314,7,NULL,'0000-00-00 00:00:00','0000-00-00 00:00:00'),(8,59,63,80,65,80,58,405,8,NULL,'0000-00-00 00:00:00','0000-00-00 00:00:00'),(9,79,83,100,85,105,78,530,9,NULL,'0000-00-00 00:00:00','0000-00-00 00:00:00'),(10,45,30,35,20,20,45,195,10,NULL,'0000-00-00 00:00:00','0000-00-00 00:00:00'),(11,50,20,55,25,25,30,205,11,NULL,'0000-00-00 00:00:00','0000-00-00 00:00:00'),(12,60,45,50,90,80,70,395,12,NULL,'0000-00-00 00:00:00','0000-00-00 00:00:00'),(13,40,35,30,20,20,50,195,13,NULL,'0000-00-00 00:00:00','0000-00-00 00:00:00'),(14,45,25,50,25,25,35,205,14,NULL,'0000-00-00 00:00:00','0000-00-00 00:00:00'),(15,65,90,40,45,80,75,395,15,NULL,'0000-00-00 00:00:00','0000-00-00 00:00:00'),(16,40,45,40,35,35,56,251,16,NULL,'0000-00-00 00:00:00','0000-00-00 00:00:00'),(17,63,60,55,50,50,71,349,17,NULL,'0000-00-00 00:00:00','0000-00-00 00:00:00'),(18,83,80,75,70,70,101,479,18,NULL,'0000-00-00 00:00:00','0000-00-00 00:00:00'),(19,30,56,35,25,35,72,253,19,NULL,'0000-00-00 00:00:00','0000-00-00 00:00:00'),(20,55,81,60,50,70,97,413,20,NULL,'0000-00-00 00:00:00','0000-00-00 00:00:00'),(21,40,60,30,31,31,70,262,21,NULL,'0000-00-00 00:00:00','0000-00-00 00:00:00'),(22,65,90,65,61,61,100,442,22,NULL,'0000-00-00 00:00:00','0000-00-00 00:00:00'),(23,35,60,44,40,54,55,288,23,NULL,'0000-00-00 00:00:00','0000-00-00 00:00:00'),(24,60,85,69,65,79,80,438,24,NULL,'0000-00-00 00:00:00','0000-00-00 00:00:00'),(25,35,55,40,50,50,90,320,25,NULL,'0000-00-00 00:00:00','0000-00-00 00:00:00'),(26,60,90,55,90,80,110,485,26,NULL,'0000-00-00 00:00:00','0000-00-00 00:00:00'),(27,50,75,85,20,30,40,300,27,NULL,'0000-00-00 00:00:00','0000-00-00 00:00:00'),(28,75,100,110,45,55,65,450,28,NULL,'0000-00-00 00:00:00','0000-00-00 00:00:00'),(29,55,47,52,40,40,41,275,29,NULL,'0000-00-00 00:00:00','0000-00-00 00:00:00'),(30,70,62,67,55,55,56,365,30,NULL,'0000-00-00 00:00:00','0000-00-00 00:00:00'),(31,90,92,87,75,85,76,505,31,NULL,'0000-00-00 00:00:00','0000-00-00 00:00:00'),(32,46,57,40,40,40,50,273,32,NULL,'0000-00-00 00:00:00','0000-00-00 00:00:00'),(33,61,72,57,55,55,65,365,33,NULL,'0000-00-00 00:00:00','0000-00-00 00:00:00'),(34,81,102,77,85,75,85,505,34,NULL,'0000-00-00 00:00:00','0000-00-00 00:00:00'),(35,70,45,48,60,65,35,323,35,NULL,'0000-00-00 00:00:00','0000-00-00 00:00:00'),(36,95,70,73,95,90,60,483,36,NULL,'0000-00-00 00:00:00','0000-00-00 00:00:00'),(37,38,41,40,50,65,65,299,37,NULL,'0000-00-00 00:00:00','0000-00-00 00:00:00'),(38,73,76,75,81,100,100,505,38,NULL,'0000-00-00 00:00:00','0000-00-00 00:00:00'),(39,115,45,20,45,25,20,270,39,NULL,'0000-00-00 00:00:00','0000-00-00 00:00:00'),(40,140,70,45,85,50,45,435,40,NULL,'0000-00-00 00:00:00','0000-00-00 00:00:00'),(41,40,45,35,30,40,55,245,41,NULL,'0000-00-00 00:00:00','0000-00-00 00:00:00'),(42,75,80,70,65,75,90,455,42,NULL,'0000-00-00 00:00:00','0000-00-00 00:00:00'),(43,45,50,55,75,65,30,320,43,NULL,'0000-00-00 00:00:00','0000-00-00 00:00:00'),(44,60,65,70,85,75,40,395,44,NULL,'0000-00-00 00:00:00','0000-00-00 00:00:00'),(45,75,80,85,110,90,50,490,45,NULL,'0000-00-00 00:00:00','0000-00-00 00:00:00'),(46,35,70,55,45,55,25,285,46,NULL,'0000-00-00 00:00:00','0000-00-00 00:00:00'),(47,60,95,80,60,80,30,405,47,NULL,'0000-00-00 00:00:00','0000-00-00 00:00:00'),(48,60,55,50,40,55,45,305,48,NULL,'0000-00-00 00:00:00','0000-00-00 00:00:00'),(49,70,65,60,90,75,90,450,49,NULL,'0000-00-00 00:00:00','0000-00-00 00:00:00'),(50,10,55,25,35,45,95,265,50,NULL,'0000-00-00 00:00:00','0000-00-00 00:00:00'),(51,35,80,50,50,70,120,405,51,NULL,'0000-00-00 00:00:00','0000-00-00 00:00:00'),(52,40,45,35,40,40,90,290,52,NULL,'0000-00-00 00:00:00','0000-00-00 00:00:00'),(53,65,70,60,65,65,115,440,53,NULL,'0000-00-00 00:00:00','0000-00-00 00:00:00'),(54,50,52,48,65,50,55,320,54,NULL,'0000-00-00 00:00:00','0000-00-00 00:00:00'),(55,80,82,78,95,80,85,500,55,NULL,'0000-00-00 00:00:00','0000-00-00 00:00:00'),(56,40,80,35,35,45,70,305,56,NULL,'0000-00-00 00:00:00','0000-00-00 00:00:00'),(57,65,105,60,60,70,95,455,57,NULL,'0000-00-00 00:00:00','0000-00-00 00:00:00'),(58,55,70,45,70,50,60,350,58,NULL,'0000-00-00 00:00:00','0000-00-00 00:00:00'),(59,90,110,80,100,80,95,555,59,NULL,'0000-00-00 00:00:00','0000-00-00 00:00:00'),(60,40,50,40,40,40,90,300,60,NULL,'0000-00-00 00:00:00','0000-00-00 00:00:00'),(61,65,65,65,50,50,90,385,61,NULL,'0000-00-00 00:00:00','0000-00-00 00:00:00'),(62,90,95,95,70,90,70,510,62,NULL,'0000-00-00 00:00:00','0000-00-00 00:00:00'),(63,25,20,15,105,55,90,310,63,NULL,'0000-00-00 00:00:00','0000-00-00 00:00:00'),(64,40,35,30,120,70,105,400,64,NULL,'0000-00-00 00:00:00','0000-00-00 00:00:00'),(65,55,50,45,135,95,120,500,65,NULL,'0000-00-00 00:00:00','0000-00-00 00:00:00'),(66,70,80,50,35,35,35,305,66,NULL,'0000-00-00 00:00:00','0000-00-00 00:00:00'),(67,80,100,70,50,60,45,405,67,NULL,'0000-00-00 00:00:00','0000-00-00 00:00:00'),(68,90,130,80,65,85,55,505,68,NULL,'0000-00-00 00:00:00','0000-00-00 00:00:00'),(69,50,75,35,70,30,40,300,69,NULL,'0000-00-00 00:00:00','0000-00-00 00:00:00'),(70,65,90,50,85,45,55,390,70,NULL,'0000-00-00 00:00:00','0000-00-00 00:00:00'),(71,80,105,65,100,70,70,490,71,NULL,'0000-00-00 00:00:00','0000-00-00 00:00:00'),(72,40,40,35,50,100,70,335,72,NULL,'0000-00-00 00:00:00','0000-00-00 00:00:00'),(73,80,70,65,80,120,100,515,73,NULL,'0000-00-00 00:00:00','0000-00-00 00:00:00'),(74,40,80,100,30,30,20,300,74,NULL,'0000-00-00 00:00:00','0000-00-00 00:00:00'),(75,55,95,115,45,45,35,390,75,NULL,'0000-00-00 00:00:00','0000-00-00 00:00:00'),(76,80,120,130,55,65,45,495,76,NULL,'0000-00-00 00:00:00','0000-00-00 00:00:00'),(77,50,85,55,65,65,90,410,77,NULL,'0000-00-00 00:00:00','0000-00-00 00:00:00'),(78,65,100,70,80,80,105,500,78,NULL,'0000-00-00 00:00:00','0000-00-00 00:00:00'),(79,90,65,65,40,40,15,315,79,NULL,'0000-00-00 00:00:00','0000-00-00 00:00:00'),(80,95,75,110,100,80,30,490,80,NULL,'0000-00-00 00:00:00','0000-00-00 00:00:00'),(81,25,35,70,95,55,45,325,81,NULL,'0000-00-00 00:00:00','0000-00-00 00:00:00'),(82,50,60,95,120,70,70,465,82,NULL,'0000-00-00 00:00:00','0000-00-00 00:00:00'),(83,52,65,55,58,62,60,352,83,NULL,'0000-00-00 00:00:00','0000-00-00 00:00:00'),(84,35,85,45,35,35,75,310,84,NULL,'0000-00-00 00:00:00','0000-00-00 00:00:00'),(85,60,110,70,60,60,100,460,85,NULL,'0000-00-00 00:00:00','0000-00-00 00:00:00'),(86,65,45,55,45,70,45,325,86,NULL,'0000-00-00 00:00:00','0000-00-00 00:00:00'),(87,90,70,80,70,95,70,475,87,NULL,'0000-00-00 00:00:00','0000-00-00 00:00:00'),(88,80,80,50,40,50,25,325,88,NULL,'0000-00-00 00:00:00','0000-00-00 00:00:00'),(89,105,105,75,65,100,50,500,89,NULL,'0000-00-00 00:00:00','0000-00-00 00:00:00'),(90,30,65,100,45,25,40,305,90,NULL,'0000-00-00 00:00:00','0000-00-00 00:00:00'),(91,50,95,180,85,45,70,525,91,NULL,'0000-00-00 00:00:00','0000-00-00 00:00:00'),(92,30,35,30,100,35,80,310,92,NULL,'0000-00-00 00:00:00','0000-00-00 00:00:00'),(93,45,50,45,115,55,95,405,93,NULL,'0000-00-00 00:00:00','0000-00-00 00:00:00'),(94,60,65,60,130,75,110,500,94,NULL,'0000-00-00 00:00:00','0000-00-00 00:00:00'),(95,35,45,160,30,45,70,385,95,NULL,'0000-00-00 00:00:00','0000-00-00 00:00:00'),(96,60,48,45,43,90,42,328,96,NULL,'0000-00-00 00:00:00','0000-00-00 00:00:00'),(97,85,73,70,73,115,67,483,97,NULL,'0000-00-00 00:00:00','0000-00-00 00:00:00'),(98,30,105,90,25,25,50,325,98,NULL,'0000-00-00 00:00:00','0000-00-00 00:00:00'),(99,55,130,115,50,50,75,475,99,NULL,'0000-00-00 00:00:00','0000-00-00 00:00:00'),(100,40,30,50,55,55,100,330,100,NULL,'0000-00-00 00:00:00','0000-00-00 00:00:00'),(101,60,50,70,80,80,140,480,101,NULL,'0000-00-00 00:00:00','0000-00-00 00:00:00'),(102,60,40,80,60,45,40,325,102,NULL,'0000-00-00 00:00:00','0000-00-00 00:00:00'),(103,95,95,85,125,65,55,520,103,NULL,'0000-00-00 00:00:00','0000-00-00 00:00:00'),(104,50,50,95,40,50,35,320,104,NULL,'0000-00-00 00:00:00','0000-00-00 00:00:00'),(105,60,80,110,50,80,45,425,105,NULL,'0000-00-00 00:00:00','0000-00-00 00:00:00'),(106,50,120,53,35,110,87,455,106,NULL,'0000-00-00 00:00:00','0000-00-00 00:00:00'),(107,50,105,79,35,110,76,455,107,NULL,'0000-00-00 00:00:00','0000-00-00 00:00:00'),(108,90,55,75,60,75,30,385,108,NULL,'0000-00-00 00:00:00','0000-00-00 00:00:00'),(109,40,65,95,60,45,35,340,109,NULL,'0000-00-00 00:00:00','0000-00-00 00:00:00'),(110,65,90,120,85,70,60,490,110,NULL,'0000-00-00 00:00:00','0000-00-00 00:00:00'),(111,80,85,95,30,30,25,345,111,NULL,'0000-00-00 00:00:00','0000-00-00 00:00:00'),(112,105,130,120,45,45,40,485,112,NULL,'0000-00-00 00:00:00','0000-00-00 00:00:00'),(113,250,5,5,35,105,50,450,113,NULL,'0000-00-00 00:00:00','0000-00-00 00:00:00'),(114,65,55,115,100,40,60,435,114,NULL,'0000-00-00 00:00:00','0000-00-00 00:00:00'),(115,105,95,80,40,80,90,490,115,NULL,'0000-00-00 00:00:00','0000-00-00 00:00:00'),(116,30,40,70,70,25,60,295,116,NULL,'0000-00-00 00:00:00','0000-00-00 00:00:00'),(117,55,65,95,95,45,85,440,117,NULL,'0000-00-00 00:00:00','0000-00-00 00:00:00'),(118,45,67,60,35,50,63,320,118,NULL,'0000-00-00 00:00:00','0000-00-00 00:00:00'),(119,80,92,65,65,80,68,450,119,NULL,'0000-00-00 00:00:00','0000-00-00 00:00:00'),(120,30,45,55,70,55,85,340,120,NULL,'0000-00-00 00:00:00','0000-00-00 00:00:00'),(121,60,75,85,100,85,115,520,121,NULL,'0000-00-00 00:00:00','0000-00-00 00:00:00'),(122,40,45,65,100,120,90,460,122,NULL,'0000-00-00 00:00:00','0000-00-00 00:00:00'),(123,70,110,80,55,80,105,500,123,NULL,'0000-00-00 00:00:00','0000-00-00 00:00:00'),(124,65,50,35,115,95,95,455,124,NULL,'0000-00-00 00:00:00','0000-00-00 00:00:00'),(125,65,83,57,95,85,105,490,125,NULL,'0000-00-00 00:00:00','0000-00-00 00:00:00'),(126,65,95,57,100,85,93,495,126,NULL,'0000-00-00 00:00:00','0000-00-00 00:00:00'),(127,65,125,100,55,70,85,500,127,NULL,'0000-00-00 00:00:00','0000-00-00 00:00:00'),(128,75,100,95,40,70,110,490,128,NULL,'0000-00-00 00:00:00','0000-00-00 00:00:00'),(129,20,10,55,15,20,80,200,129,NULL,'0000-00-00 00:00:00','0000-00-00 00:00:00'),(130,95,125,79,60,100,81,540,130,NULL,'0000-00-00 00:00:00','0000-00-00 00:00:00'),(131,130,85,80,85,95,60,535,131,NULL,'0000-00-00 00:00:00','0000-00-00 00:00:00'),(132,48,48,48,48,48,48,288,132,NULL,'0000-00-00 00:00:00','0000-00-00 00:00:00'),(133,55,55,50,45,65,55,325,133,NULL,'0000-00-00 00:00:00','0000-00-00 00:00:00'),(134,130,65,60,110,95,65,525,134,NULL,'0000-00-00 00:00:00','0000-00-00 00:00:00'),(135,65,65,60,110,95,130,525,135,NULL,'0000-00-00 00:00:00','0000-00-00 00:00:00'),(136,65,130,60,95,110,65,525,136,NULL,'0000-00-00 00:00:00','0000-00-00 00:00:00'),(137,65,60,70,85,75,40,395,137,NULL,'0000-00-00 00:00:00','0000-00-00 00:00:00'),(138,35,40,100,90,55,35,355,138,NULL,'0000-00-00 00:00:00','0000-00-00 00:00:00'),(139,70,60,125,115,70,55,495,139,NULL,'0000-00-00 00:00:00','0000-00-00 00:00:00'),(140,30,80,90,55,45,55,355,140,NULL,'0000-00-00 00:00:00','0000-00-00 00:00:00'),(141,60,115,105,65,70,80,495,141,NULL,'0000-00-00 00:00:00','0000-00-00 00:00:00'),(142,80,105,65,60,75,130,515,142,NULL,'0000-00-00 00:00:00','0000-00-00 00:00:00'),(143,160,110,65,65,110,30,540,143,NULL,'0000-00-00 00:00:00','0000-00-00 00:00:00'),(144,90,85,100,95,125,85,580,144,NULL,'0000-00-00 00:00:00','0000-00-00 00:00:00'),(145,90,90,85,125,90,100,580,145,NULL,'0000-00-00 00:00:00','0000-00-00 00:00:00'),(146,90,100,90,125,85,90,580,146,NULL,'0000-00-00 00:00:00','0000-00-00 00:00:00'),(147,41,64,45,50,50,50,300,147,NULL,'0000-00-00 00:00:00','0000-00-00 00:00:00'),(148,61,84,65,70,70,70,420,148,NULL,'0000-00-00 00:00:00','0000-00-00 00:00:00'),(149,91,134,95,100,100,80,600,149,NULL,'0000-00-00 00:00:00','0000-00-00 00:00:00'),(150,106,110,90,154,90,130,680,150,NULL,'0000-00-00 00:00:00','0000-00-00 00:00:00'),(151,100,100,100,100,100,100,600,151,NULL,'0000-00-00 00:00:00','0000-00-00 00:00:00');
/*!40000 ALTER TABLE `pokemonstats` ENABLE KEYS */;
UNLOCK TABLES;

--
-- Table structure for table `pokemontypes`
--

DROP TABLE IF EXISTS `pokemontypes`;
/*!40101 SET @saved_cs_client     = @@character_set_client */;
/*!40101 SET character_set_client = utf8 */;
CREATE TABLE `pokemontypes` (
  `id` int(10) unsigned NOT NULL AUTO_INCREMENT,
  `type` varchar(255) COLLATE utf8_unicode_ci NOT NULL,
  `pokemon_id` int(11) NOT NULL,
  `deleted_at` timestamp NULL DEFAULT NULL,
  `created_at` timestamp NOT NULL DEFAULT '0000-00-00 00:00:00',
  `updated_at` timestamp NOT NULL DEFAULT '0000-00-00 00:00:00',
  PRIMARY KEY (`id`)
) ENGINE=InnoDB AUTO_INCREMENT=219 DEFAULT CHARSET=utf8 COLLATE=utf8_unicode_ci;
/*!40101 SET character_set_client = @saved_cs_client */;

--
-- Dumping data for table `pokemontypes`
--

LOCK TABLES `pokemontypes` WRITE;
/*!40000 ALTER TABLE `pokemontypes` DISABLE KEYS */;
INSERT INTO `pokemontypes` VALUES (1,'Grass',1,NULL,'0000-00-00 00:00:00','0000-00-00 00:00:00'),(2,'Poison',1,NULL,'0000-00-00 00:00:00','0000-00-00 00:00:00'),(3,'Grass',2,NULL,'0000-00-00 00:00:00','0000-00-00 00:00:00'),(4,'Poison',2,NULL,'0000-00-00 00:00:00','0000-00-00 00:00:00'),(5,'Grass',3,NULL,'0000-00-00 00:00:00','0000-00-00 00:00:00'),(6,'Poison',3,NULL,'0000-00-00 00:00:00','0000-00-00 00:00:00'),(7,'Fire',4,NULL,'0000-00-00 00:00:00','0000-00-00 00:00:00'),(8,'Fire',5,NULL,'0000-00-00 00:00:00','0000-00-00 00:00:00'),(9,'Fire',6,NULL,'0000-00-00 00:00:00','0000-00-00 00:00:00'),(10,'Flying',6,NULL,'0000-00-00 00:00:00','0000-00-00 00:00:00'),(11,'Water',7,NULL,'0000-00-00 00:00:00','0000-00-00 00:00:00'),(12,'Water',8,NULL,'0000-00-00 00:00:00','0000-00-00 00:00:00'),(13,'Water',9,NULL,'0000-00-00 00:00:00','0000-00-00 00:00:00'),(14,'Bug',10,NULL,'0000-00-00 00:00:00','0000-00-00 00:00:00'),(15,'Bug',11,NULL,'0000-00-00 00:00:00','0000-00-00 00:00:00'),(16,'Bug',12,NULL,'0000-00-00 00:00:00','0000-00-00 00:00:00'),(17,'Flying',12,NULL,'0000-00-00 00:00:00','0000-00-00 00:00:00'),(18,'Bug',13,NULL,'0000-00-00 00:00:00','0000-00-00 00:00:00'),(19,'Poison',13,NULL,'0000-00-00 00:00:00','0000-00-00 00:00:00'),(20,'Bug',14,NULL,'0000-00-00 00:00:00','0000-00-00 00:00:00'),(21,'Poison',14,NULL,'0000-00-00 00:00:00','0000-00-00 00:00:00'),(22,'Bug',15,NULL,'0000-00-00 00:00:00','0000-00-00 00:00:00'),(23,'Poison',15,NULL,'0000-00-00 00:00:00','0000-00-00 00:00:00'),(24,'Normal',16,NULL,'0000-00-00 00:00:00','0000-00-00 00:00:00'),(25,'Flying',16,NULL,'0000-00-00 00:00:00','0000-00-00 00:00:00'),(26,'Normal',17,NULL,'0000-00-00 00:00:00','0000-00-00 00:00:00'),(27,'Flying',17,NULL,'0000-00-00 00:00:00','0000-00-00 00:00:00'),(28,'Normal',18,NULL,'0000-00-00 00:00:00','0000-00-00 00:00:00'),(29,'Flying',18,NULL,'0000-00-00 00:00:00','0000-00-00 00:00:00'),(30,'Normal',19,NULL,'0000-00-00 00:00:00','0000-00-00 00:00:00'),(31,'Normal',20,NULL,'0000-00-00 00:00:00','0000-00-00 00:00:00'),(32,'Normal',21,NULL,'0000-00-00 00:00:00','0000-00-00 00:00:00'),(33,'Flying',21,NULL,'0000-00-00 00:00:00','0000-00-00 00:00:00'),(34,'Normal',22,NULL,'0000-00-00 00:00:00','0000-00-00 00:00:00'),(35,'Flying',22,NULL,'0000-00-00 00:00:00','0000-00-00 00:00:00'),(36,'Poison',23,NULL,'0000-00-00 00:00:00','0000-00-00 00:00:00'),(37,'Poison',24,NULL,'0000-00-00 00:00:00','0000-00-00 00:00:00'),(38,'Electric',25,NULL,'0000-00-00 00:00:00','0000-00-00 00:00:00'),(39,'Electric',26,NULL,'0000-00-00 00:00:00','0000-00-00 00:00:00'),(40,'Ground',27,NULL,'0000-00-00 00:00:00','0000-00-00 00:00:00'),(41,'Ground',28,NULL,'0000-00-00 00:00:00','0000-00-00 00:00:00'),(42,'Poison',29,NULL,'0000-00-00 00:00:00','0000-00-00 00:00:00'),(43,'Poison',30,NULL,'0000-00-00 00:00:00','0000-00-00 00:00:00'),(44,'Poison',31,NULL,'0000-00-00 00:00:00','0000-00-00 00:00:00'),(45,'Ground',31,NULL,'0000-00-00 00:00:00','0000-00-00 00:00:00'),(46,'Poison',32,NULL,'0000-00-00 00:00:00','0000-00-00 00:00:00'),(47,'Poison',33,NULL,'0000-00-00 00:00:00','0000-00-00 00:00:00'),(48,'Poison',34,NULL,'0000-00-00 00:00:00','0000-00-00 00:00:00'),(49,'Ground',34,NULL,'0000-00-00 00:00:00','0000-00-00 00:00:00'),(50,'Fairy',35,NULL,'0000-00-00 00:00:00','0000-00-00 00:00:00'),(51,'Fairy',36,NULL,'0000-00-00 00:00:00','0000-00-00 00:00:00'),(52,'Fire',37,NULL,'0000-00-00 00:00:00','0000-00-00 00:00:00'),(53,'Fire',38,NULL,'0000-00-00 00:00:00','0000-00-00 00:00:00'),(54,'Normal',39,NULL,'0000-00-00 00:00:00','0000-00-00 00:00:00'),(55,'Fairy',39,NULL,'0000-00-00 00:00:00','0000-00-00 00:00:00'),(56,'Normal',40,NULL,'0000-00-00 00:00:00','0000-00-00 00:00:00'),(57,'Fairy',40,NULL,'0000-00-00 00:00:00','0000-00-00 00:00:00'),(58,'Poison',41,NULL,'0000-00-00 00:00:00','0000-00-00 00:00:00'),(59,'Flying',41,NULL,'0000-00-00 00:00:00','0000-00-00 00:00:00'),(60,'Poison',42,NULL,'0000-00-00 00:00:00','0000-00-00 00:00:00'),(61,'Flying',42,NULL,'0000-00-00 00:00:00','0000-00-00 00:00:00'),(62,'Grass',43,NULL,'0000-00-00 00:00:00','0000-00-00 00:00:00'),(63,'Poison',43,NULL,'0000-00-00 00:00:00','0000-00-00 00:00:00'),(64,'Grass',44,NULL,'0000-00-00 00:00:00','0000-00-00 00:00:00'),(65,'Poison',44,NULL,'0000-00-00 00:00:00','0000-00-00 00:00:00'),(66,'Grass',45,NULL,'0000-00-00 00:00:00','0000-00-00 00:00:00'),(67,'Poison',45,NULL,'0000-00-00 00:00:00','0000-00-00 00:00:00'),(68,'Bug',46,NULL,'0000-00-00 00:00:00','0000-00-00 00:00:00'),(69,'Grass',46,NULL,'0000-00-00 00:00:00','0000-00-00 00:00:00'),(70,'Bug',47,NULL,'0000-00-00 00:00:00','0000-00-00 00:00:00'),(71,'Grass',47,NULL,'0000-00-00 00:00:00','0000-00-00 00:00:00'),(72,'Bug',48,NULL,'0000-00-00 00:00:00','0000-00-00 00:00:00'),(73,'Poison',48,NULL,'0000-00-00 00:00:00','0000-00-00 00:00:00'),(74,'Bug',49,NULL,'0000-00-00 00:00:00','0000-00-00 00:00:00'),(75,'Poison',49,NULL,'0000-00-00 00:00:00','0000-00-00 00:00:00'),(76,'Ground',50,NULL,'0000-00-00 00:00:00','0000-00-00 00:00:00'),(77,'Ground',51,NULL,'0000-00-00 00:00:00','0000-00-00 00:00:00'),(78,'Normal',52,NULL,'0000-00-00 00:00:00','0000-00-00 00:00:00'),(79,'Normal',53,NULL,'0000-00-00 00:00:00','0000-00-00 00:00:00'),(80,'Water',54,NULL,'0000-00-00 00:00:00','0000-00-00 00:00:00'),(81,'Water',55,NULL,'0000-00-00 00:00:00','0000-00-00 00:00:00'),(82,'Fighting',56,NULL,'0000-00-00 00:00:00','0000-00-00 00:00:00'),(83,'Fighting',57,NULL,'0000-00-00 00:00:00','0000-00-00 00:00:00'),(84,'Fire',58,NULL,'0000-00-00 00:00:00','0000-00-00 00:00:00'),(85,'Fire',59,NULL,'0000-00-00 00:00:00','0000-00-00 00:00:00'),(86,'Water',60,NULL,'0000-00-00 00:00:00','0000-00-00 00:00:00'),(87,'Water',61,NULL,'0000-00-00 00:00:00','0000-00-00 00:00:00'),(88,'Water',62,NULL,'0000-00-00 00:00:00','0000-00-00 00:00:00'),(89,'Fighting',62,NULL,'0000-00-00 00:00:00','0000-00-00 00:00:00'),(90,'Psychic',63,NULL,'0000-00-00 00:00:00','0000-00-00 00:00:00'),(91,'Psychic',64,NULL,'0000-00-00 00:00:00','0000-00-00 00:00:00'),(92,'Psychic',65,NULL,'0000-00-00 00:00:00','0000-00-00 00:00:00'),(93,'Fighting',66,NULL,'0000-00-00 00:00:00','0000-00-00 00:00:00'),(94,'Fighting',67,NULL,'0000-00-00 00:00:00','0000-00-00 00:00:00'),(95,'Fighting',68,NULL,'0000-00-00 00:00:00','0000-00-00 00:00:00'),(96,'Grass',69,NULL,'0000-00-00 00:00:00','0000-00-00 00:00:00'),(97,'Poison',69,NULL,'0000-00-00 00:00:00','0000-00-00 00:00:00'),(98,'Grass',70,NULL,'0000-00-00 00:00:00','0000-00-00 00:00:00'),(99,'Poison',70,NULL,'0000-00-00 00:00:00','0000-00-00 00:00:00'),(100,'Grass',71,NULL,'0000-00-00 00:00:00','0000-00-00 00:00:00'),(101,'Poison',71,NULL,'0000-00-00 00:00:00','0000-00-00 00:00:00'),(102,'Water',72,NULL,'0000-00-00 00:00:00','0000-00-00 00:00:00'),(103,'Poison',72,NULL,'0000-00-00 00:00:00','0000-00-00 00:00:00'),(104,'Water',73,NULL,'0000-00-00 00:00:00','0000-00-00 00:00:00'),(105,'Poison',73,NULL,'0000-00-00 00:00:00','0000-00-00 00:00:00'),(106,'Rock',74,NULL,'0000-00-00 00:00:00','0000-00-00 00:00:00'),(107,'Ground',74,NULL,'0000-00-00 00:00:00','0000-00-00 00:00:00'),(108,'Rock',75,NULL,'0000-00-00 00:00:00','0000-00-00 00:00:00'),(109,'Ground',75,NULL,'0000-00-00 00:00:00','0000-00-00 00:00:00'),(110,'Rock',76,NULL,'0000-00-00 00:00:00','0000-00-00 00:00:00'),(111,'Ground',76,NULL,'0000-00-00 00:00:00','0000-00-00 00:00:00'),(112,'Fire',77,NULL,'0000-00-00 00:00:00','0000-00-00 00:00:00'),(113,'Fire',78,NULL,'0000-00-00 00:00:00','0000-00-00 00:00:00'),(114,'Water',79,NULL,'0000-00-00 00:00:00','0000-00-00 00:00:00'),(115,'Psychic',79,NULL,'0000-00-00 00:00:00','0000-00-00 00:00:00'),(116,'Water',80,NULL,'0000-00-00 00:00:00','0000-00-00 00:00:00'),(117,'Psychic',80,NULL,'0000-00-00 00:00:00','0000-00-00 00:00:00'),(118,'Electric',81,NULL,'0000-00-00 00:00:00','0000-00-00 00:00:00'),(119,'Steel',81,NULL,'0000-00-00 00:00:00','0000-00-00 00:00:00'),(120,'Electric',82,NULL,'0000-00-00 00:00:00','0000-00-00 00:00:00'),(121,'Steel',82,NULL,'0000-00-00 00:00:00','0000-00-00 00:00:00'),(122,'Normal',83,NULL,'0000-00-00 00:00:00','0000-00-00 00:00:00'),(123,'Flying',83,NULL,'0000-00-00 00:00:00','0000-00-00 00:00:00'),(124,'Normal',84,NULL,'0000-00-00 00:00:00','0000-00-00 00:00:00'),(125,'Flying',84,NULL,'0000-00-00 00:00:00','0000-00-00 00:00:00'),(126,'Normal',85,NULL,'0000-00-00 00:00:00','0000-00-00 00:00:00'),(127,'Flying',85,NULL,'0000-00-00 00:00:00','0000-00-00 00:00:00'),(128,'Water',86,NULL,'0000-00-00 00:00:00','0000-00-00 00:00:00'),(129,'Water',87,NULL,'0000-00-00 00:00:00','0000-00-00 00:00:00'),(130,'Ice',87,NULL,'0000-00-00 00:00:00','0000-00-00 00:00:00'),(131,'Poison',88,NULL,'0000-00-00 00:00:00','0000-00-00 00:00:00'),(132,'Poison',89,NULL,'0000-00-00 00:00:00','0000-00-00 00:00:00'),(133,'Water',90,NULL,'0000-00-00 00:00:00','0000-00-00 00:00:00'),(134,'Water',91,NULL,'0000-00-00 00:00:00','0000-00-00 00:00:00'),(135,'Ice',91,NULL,'0000-00-00 00:00:00','0000-00-00 00:00:00'),(136,'Ghost',92,NULL,'0000-00-00 00:00:00','0000-00-00 00:00:00'),(137,'Poison',92,NULL,'0000-00-00 00:00:00','0000-00-00 00:00:00'),(138,'Ghost',93,NULL,'0000-00-00 00:00:00','0000-00-00 00:00:00'),(139,'Poison',93,NULL,'0000-00-00 00:00:00','0000-00-00 00:00:00'),(140,'Ghost',94,NULL,'0000-00-00 00:00:00','0000-00-00 00:00:00'),(141,'Poison',94,NULL,'0000-00-00 00:00:00','0000-00-00 00:00:00'),(142,'Rock',95,NULL,'0000-00-00 00:00:00','0000-00-00 00:00:00'),(143,'Ground',95,NULL,'0000-00-00 00:00:00','0000-00-00 00:00:00'),(144,'Psychic',96,NULL,'0000-00-00 00:00:00','0000-00-00 00:00:00'),(145,'Psychic',97,NULL,'0000-00-00 00:00:00','0000-00-00 00:00:00'),(146,'Water',98,NULL,'0000-00-00 00:00:00','0000-00-00 00:00:00'),(147,'Water',99,NULL,'0000-00-00 00:00:00','0000-00-00 00:00:00'),(148,'Electric',100,NULL,'0000-00-00 00:00:00','0000-00-00 00:00:00'),(149,'Electric',101,NULL,'0000-00-00 00:00:00','0000-00-00 00:00:00'),(150,'Grass',102,NULL,'0000-00-00 00:00:00','0000-00-00 00:00:00'),(151,'Psychic',102,NULL,'0000-00-00 00:00:00','0000-00-00 00:00:00'),(152,'Grass',103,NULL,'0000-00-00 00:00:00','0000-00-00 00:00:00'),(153,'Psychic',103,NULL,'0000-00-00 00:00:00','0000-00-00 00:00:00'),(154,'Ground',104,NULL,'0000-00-00 00:00:00','0000-00-00 00:00:00'),(155,'Ground',105,NULL,'0000-00-00 00:00:00','0000-00-00 00:00:00'),(156,'Fighting',106,NULL,'0000-00-00 00:00:00','0000-00-00 00:00:00'),(157,'Fighting',107,NULL,'0000-00-00 00:00:00','0000-00-00 00:00:00'),(158,'Normal',108,NULL,'0000-00-00 00:00:00','0000-00-00 00:00:00'),(159,'Poison',109,NULL,'0000-00-00 00:00:00','0000-00-00 00:00:00'),(160,'Poison',110,NULL,'0000-00-00 00:00:00','0000-00-00 00:00:00'),(161,'Ground',111,NULL,'0000-00-00 00:00:00','0000-00-00 00:00:00'),(162,'Rock',111,NULL,'0000-00-00 00:00:00','0000-00-00 00:00:00'),(163,'Ground',112,NULL,'0000-00-00 00:00:00','0000-00-00 00:00:00'),(164,'Rock',112,NULL,'0000-00-00 00:00:00','0000-00-00 00:00:00'),(165,'Normal',113,NULL,'0000-00-00 00:00:00','0000-00-00 00:00:00'),(166,'Grass',114,NULL,'0000-00-00 00:00:00','0000-00-00 00:00:00'),(167,'Normal',115,NULL,'0000-00-00 00:00:00','0000-00-00 00:00:00'),(168,'Water',116,NULL,'0000-00-00 00:00:00','0000-00-00 00:00:00'),(169,'Water',117,NULL,'0000-00-00 00:00:00','0000-00-00 00:00:00'),(170,'Water',118,NULL,'0000-00-00 00:00:00','0000-00-00 00:00:00'),(171,'Water',119,NULL,'0000-00-00 00:00:00','0000-00-00 00:00:00'),(172,'Water',120,NULL,'0000-00-00 00:00:00','0000-00-00 00:00:00'),(173,'Water',121,NULL,'0000-00-00 00:00:00','0000-00-00 00:00:00'),(174,'Psychic',121,NULL,'0000-00-00 00:00:00','0000-00-00 00:00:00'),(175,'Psychic',122,NULL,'0000-00-00 00:00:00','0000-00-00 00:00:00'),(176,'Fairy',122,NULL,'0000-00-00 00:00:00','0000-00-00 00:00:00'),(177,'Bug',123,NULL,'0000-00-00 00:00:00','0000-00-00 00:00:00'),(178,'Flying',123,NULL,'0000-00-00 00:00:00','0000-00-00 00:00:00'),(179,'Ice',124,NULL,'0000-00-00 00:00:00','0000-00-00 00:00:00'),(180,'Psychic',124,NULL,'0000-00-00 00:00:00','0000-00-00 00:00:00'),(181,'Electric',125,NULL,'0000-00-00 00:00:00','0000-00-00 00:00:00'),(182,'Fire',126,NULL,'0000-00-00 00:00:00','0000-00-00 00:00:00'),(183,'Bug',127,NULL,'0000-00-00 00:00:00','0000-00-00 00:00:00'),(184,'Normal',128,NULL,'0000-00-00 00:00:00','0000-00-00 00:00:00'),(185,'Water',129,NULL,'0000-00-00 00:00:00','0000-00-00 00:00:00'),(186,'Water',130,NULL,'0000-00-00 00:00:00','0000-00-00 00:00:00'),(187,'Flying',130,NULL,'0000-00-00 00:00:00','0000-00-00 00:00:00'),(188,'Water',131,NULL,'0000-00-00 00:00:00','0000-00-00 00:00:00'),(189,'Ice',131,NULL,'0000-00-00 00:00:00','0000-00-00 00:00:00'),(190,'Normal',132,NULL,'0000-00-00 00:00:00','0000-00-00 00:00:00'),(191,'Normal',133,NULL,'0000-00-00 00:00:00','0000-00-00 00:00:00'),(192,'Water',134,NULL,'0000-00-00 00:00:00','0000-00-00 00:00:00'),(193,'Electric',135,NULL,'0000-00-00 00:00:00','0000-00-00 00:00:00'),(194,'Fire',136,NULL,'0000-00-00 00:00:00','0000-00-00 00:00:00'),(195,'Normal',137,NULL,'0000-00-00 00:00:00','0000-00-00 00:00:00'),(196,'Rock',138,NULL,'0000-00-00 00:00:00','0000-00-00 00:00:00'),(197,'Water',138,NULL,'0000-00-00 00:00:00','0000-00-00 00:00:00'),(198,'Rock',139,NULL,'0000-00-00 00:00:00','0000-00-00 00:00:00'),(199,'Water',139,NULL,'0000-00-00 00:00:00','0000-00-00 00:00:00'),(200,'Rock',140,NULL,'0000-00-00 00:00:00','0000-00-00 00:00:00'),(201,'Water',140,NULL,'0000-00-00 00:00:00','0000-00-00 00:00:00'),(202,'Rock',141,NULL,'0000-00-00 00:00:00','0000-00-00 00:00:00'),(203,'Water',141,NULL,'0000-00-00 00:00:00','0000-00-00 00:00:00'),(204,'Rock',142,NULL,'0000-00-00 00:00:00','0000-00-00 00:00:00'),(205,'Flying',142,NULL,'0000-00-00 00:00:00','0000-00-00 00:00:00'),(206,'Normal',143,NULL,'0000-00-00 00:00:00','0000-00-00 00:00:00'),(207,'Ice',144,NULL,'0000-00-00 00:00:00','0000-00-00 00:00:00'),(208,'Flying',144,NULL,'0000-00-00 00:00:00','0000-00-00 00:00:00'),(209,'Electric',145,NULL,'0000-00-00 00:00:00','0000-00-00 00:00:00'),(210,'Flying',145,NULL,'0000-00-00 00:00:00','0000-00-00 00:00:00'),(211,'Fire',146,NULL,'0000-00-00 00:00:00','0000-00-00 00:00:00'),(212,'Flying',146,NULL,'0000-00-00 00:00:00','0000-00-00 00:00:00'),(213,'Dragon',147,NULL,'0000-00-00 00:00:00','0000-00-00 00:00:00'),(214,'Dragon',148,NULL,'0000-00-00 00:00:00','0000-00-00 00:00:00'),(215,'Dragon',149,NULL,'0000-00-00 00:00:00','0000-00-00 00:00:00'),(216,'Flying',149,NULL,'0000-00-00 00:00:00','0000-00-00 00:00:00'),(217,'Psychic',150,NULL,'0000-00-00 00:00:00','0000-00-00 00:00:00'),(218,'Psychic',151,NULL,'0000-00-00 00:00:00','0000-00-00 00:00:00');
/*!40000 ALTER TABLE `pokemontypes` ENABLE KEYS */;
UNLOCK TABLES;

--
-- Table structure for table `users`
--

DROP TABLE IF EXISTS `users`;
/*!40101 SET @saved_cs_client     = @@character_set_client */;
/*!40101 SET character_set_client = utf8 */;
CREATE TABLE `users` (
  `id` int(10) unsigned NOT NULL AUTO_INCREMENT,
  `name` varchar(255) COLLATE utf8_unicode_ci NOT NULL,
  `email` varchar(255) COLLATE utf8_unicode_ci NOT NULL,
  `password` varchar(60) COLLATE utf8_unicode_ci NOT NULL,
  `type` enum('admin','teacher') COLLATE utf8_unicode_ci NOT NULL,
  `remember_token` varchar(100) COLLATE utf8_unicode_ci DEFAULT NULL,
  `created_at` timestamp NOT NULL DEFAULT '0000-00-00 00:00:00',
  `updated_at` timestamp NOT NULL DEFAULT '0000-00-00 00:00:00',
  PRIMARY KEY (`id`),
  UNIQUE KEY `users_email_unique` (`email`)
) ENGINE=InnoDB AUTO_INCREMENT=2 DEFAULT CHARSET=utf8 COLLATE=utf8_unicode_ci;
/*!40101 SET character_set_client = @saved_cs_client */;

--
-- Dumping data for table `users`
--

LOCK TABLES `users` WRITE;
/*!40000 ALTER TABLE `users` DISABLE KEYS */;
INSERT INTO `users` VALUES (1,'Administrador Pokedex','admin@pokemon.com','$2y$10$Ap6hIJlKCM8z20mlFGta5eZTqbiGzQ0FI3yMZp854ADyt7XTnTj8K','admin',NULL,'2016-08-01 10:33:35','0000-00-00 00:00:00');
/*!40000 ALTER TABLE `users` ENABLE KEYS */;
UNLOCK TABLES;
/*!40103 SET TIME_ZONE=@OLD_TIME_ZONE */;

/*!40101 SET SQL_MODE=@OLD_SQL_MODE */;
/*!40014 SET FOREIGN_KEY_CHECKS=@OLD_FOREIGN_KEY_CHECKS */;
/*!40014 SET UNIQUE_CHECKS=@OLD_UNIQUE_CHECKS */;
/*!40101 SET CHARACTER_SET_CLIENT=@OLD_CHARACTER_SET_CLIENT */;
/*!40101 SET CHARACTER_SET_RESULTS=@OLD_CHARACTER_SET_RESULTS */;
/*!40101 SET COLLATION_CONNECTION=@OLD_COLLATION_CONNECTION */;
/*!40111 SET SQL_NOTES=@OLD_SQL_NOTES */;

-- Dump completed on 2016-08-01  1:03:57
